baslik_kontrol,input_kontrol,buton_kontrol,resim_kontrol,submit_kontrol,link_kontrol,sifre_alani_kontrol,mail_alani_kontrol,gizli_etiket_kontrol,ses_dosyasi_kontrol,video_kontrol,input_sayisi,buton_sayisi,resim_sayisi,secenek_sayisi,liste_sayisi,TH_sayisi,TR_sayisi,href_sayisi,paragraf_sayisi,script_sayisi,baslik_uzunlugu,url,label
,0,0,0,0,0,0,0,0,0,0,0,0,0,0,0,0,0,0,0,0,17,https://tcpw7mwm.dreamwp.com/auth/privatkunden.php,1
,0,0,0,0,0,0,0,0,0,0,0,0,0,0,0,0,0,0,0,0,17,https://tcpw7mwm.dreamwp.com/auth,1
,0,0,0,0,0,0,0,0,0,0,0,0,0,0,0,7,5,0,0,0,15,https://pt.43-201-146-93.cprapid.com/info1/,1
,0,0,0,0,0,0,0,0,0,0,0,0,0,0,0,0,0,0,0,0,29,http://ovk78689809sdk.neuropraxis-nv.de/,1
,0,0,0,0,1,0,0,0,0,0,0,0,0,0,0,0,0,1,0,0,17,https://www.voltcoinwallet.co.uk/,1
,0,0,0,0,1,0,0,0,0,0,0,0,0,0,4,0,1,3,3,7,51,http://tinyurl.com/verificautenzabper,1
,1,1,0,0,1,1,0,1,0,0,11,1,0,0,3,0,0,6,3,9,13,https://av-receiver-experte.de/goiforthenewseconguasionos/#redacted@abuse.ionos.com,1
,1,0,0,1,1,0,0,0,0,0,3,0,0,0,22,0,0,2,11,8,21,https://dpdplhmea.clognurtco.ml,1
,1,0,0,1,1,0,0,0,0,0,3,0,0,0,22,0,0,2,11,8,21,https://dhlukfnyl.clognurtco.ml,1
,1,0,0,1,1,0,0,0,0,0,3,0,0,0,22,0,0,2,11,8,21,https://dhlukuwgv.kinglonsipithoga.ml,1
,1,0,0,1,1,0,0,0,0,0,3,0,0,0,22,0,0,2,11,8,21,https://dhl-de5652.kinglonsipithoga.ml,1
,1,0,0,1,1,0,0,0,0,0,3,0,0,0,22,0,0,2,11,8,21,https://dhluktbvo.quevasuhard.ml,1
,1,0,0,1,1,0,0,0,0,0,3,0,0,0,22,0,0,2,11,8,21,https://dhl-de2561.quevasuhard.ml,1
,1,0,0,1,1,0,0,0,0,0,3,0,0,0,22,0,0,2,11,8,21,https://dhlukoubm.peacofmu.ml/,1
,1,0,0,1,1,0,0,0,0,0,3,0,0,0,22,0,0,2,11,8,21,https://dhl-de1395.scuflicharthewer.ml,1
,1,0,0,1,1,0,0,0,0,0,3,0,0,0,22,0,0,2,11,8,21,https://dpdpltxzx.hecello.ml,1
,1,0,0,1,1,0,0,0,0,0,3,0,0,0,22,0,0,2,11,8,21,https://dhlukyfsb.hecello.ml,1
,1,0,0,1,1,0,0,0,0,0,3,0,0,0,22,0,0,2,11,8,21,https://dhluknfsb.lankoron.ml,1
,1,0,0,1,1,0,0,0,0,0,3,0,0,0,22,0,0,2,11,8,21,https://dhl-de3285.lankoron.ml,1
,1,0,0,1,1,0,0,0,0,0,3,0,0,0,22,0,0,2,11,8,21,https://dpdplkrct.winblawgamoulneumo.ml,1
,1,0,0,1,1,0,0,0,0,0,3,0,0,0,22,0,0,2,11,8,21,https://dhlukhsbq.winblawgamoulneumo.ml,1
,1,0,0,1,1,0,0,0,0,0,3,0,0,0,22,0,0,2,11,8,21,https://dhl-de9413.winblawgamoulneumo.ml,1
,1,0,0,1,1,0,0,0,0,0,3,0,0,0,22,0,0,2,11,8,21,https://mingovplgfjc.reochilbyo.ml,1
,1,0,0,1,1,0,0,0,0,0,3,0,0,0,22,0,0,2,11,8,21,https://mingovpliuvc.scuflicharthewer.ml,1
,1,0,0,1,1,0,0,0,0,0,3,0,0,0,22,0,0,2,11,8,21,https://mingovplxheq.peacofmu.ml,1
,1,0,0,1,1,0,0,0,0,0,3,0,0,0,22,0,0,2,11,8,21,https://mingovpllgjn.quevasuhard.ml,1
,1,0,0,1,1,0,0,0,0,0,3,0,0,0,22,0,0,2,11,8,21,https://mingovplidtn.kinglonsipithoga.ml,1
,1,0,0,1,1,0,0,0,0,0,3,0,0,0,22,0,0,2,11,8,21,https://mingovplynuq.clognurtco.ml,1
,1,0,0,1,1,0,0,0,0,0,3,0,0,0,22,0,0,2,11,8,21,https://mingovpliytc.winblawgamoulneumo.ml,1
,0,0,0,0,1,0,0,0,0,0,0,0,0,0,0,0,0,2,4,1,21,https://is.gd/44VjWR,1
,0,0,0,0,1,0,0,0,0,0,0,0,0,0,0,0,0,2,0,6,5,https://netbank.nordea.dk/login/,1
,1,1,0,0,1,0,0,1,0,0,5,17,0,0,82,3,9,8,0,17,7,https://v6.ethdifi20cy.com/trade/index/index.html?code=12036,1
,0,0,0,0,0,0,0,0,0,0,0,0,0,0,0,0,0,0,0,0,0,https://account.oncallwriter.com/jp,1
,1,1,0,0,1,0,0,0,0,0,3,1,0,0,14,0,0,9,4,6,6,https://abvbg6.godaddysites.com/,1
,1,1,0,0,1,0,0,0,0,0,3,1,0,0,14,0,0,9,4,6,6,https://abvbg9.godaddysites.com/,1
,1,1,0,0,1,0,0,0,0,0,3,1,0,0,14,0,0,9,4,6,6,https://abvbg59.godaddysites.com/,1
,1,1,0,0,1,0,0,0,0,0,2,1,0,0,43,0,0,13,7,65,5,https://ac6.godaddysites.com/,1
,1,1,0,0,1,0,0,0,0,0,4,1,0,0,4,0,0,9,5,6,10,https://alphabank52.godaddysites.com/,1
,1,1,0,0,1,0,0,0,0,0,4,1,0,0,1,0,0,9,3,6,10,https://alphabank92.godaddysites.com/,1
,1,1,0,0,1,0,0,0,0,0,4,1,0,0,5,0,0,9,4,6,4,https://aol0.godaddysites.com/,1
,1,1,0,0,1,0,0,0,0,0,3,1,0,0,0,0,0,9,3,6,4,https://aol65.godaddysites.com/,1
,1,1,0,0,1,0,0,0,0,0,3,1,0,0,0,0,0,9,3,6,4,https://aol69.godaddysites.com/,1
,0,0,0,0,1,0,0,0,0,0,0,0,0,0,0,0,0,9,3,6,7,https://aolcom1.godaddysites.com/,1
,1,1,0,0,1,0,0,0,0,0,3,1,0,0,0,0,0,9,3,5,7,https://aolcom6.godaddysites.com/,1
,1,1,0,0,1,0,0,0,0,0,3,1,0,0,0,0,0,13,2,17,11,https://att14.godaddysites.com/,1
,1,1,0,0,1,0,0,0,0,0,3,1,0,0,19,0,0,9,15,6,26,https://australiantaxationoffice31.godaddysites.com/,1
,1,1,0,0,1,0,0,0,0,0,3,1,0,0,0,0,0,9,2,5,42,https://bellsouthemailverificationadmi40.godaddysites.com/,1
,1,0,0,0,1,0,1,0,0,0,2,0,0,0,0,0,0,3,0,3,10,https://beta10.yolasite.com/,1
,1,0,0,0,1,0,1,0,0,0,2,0,0,0,0,0,0,4,0,3,7,https://brde32.yolasite.com/,1
,1,1,0,0,1,0,0,0,0,0,3,1,0,0,10,0,0,14,2,22,11,https://btinternet1.godaddysites.com/,1
,1,1,0,0,1,0,0,0,0,0,7,2,0,0,0,0,7,9,18,21,5,https://chime7.godaddysites.com/,1
,1,1,0,0,1,0,0,0,0,0,9,2,0,0,13,0,0,9,5,6,5,https://chime28.godaddysites.com/,1
,1,1,0,0,1,0,0,0,0,0,6,2,0,0,19,0,0,9,5,6,5,https://chime71.godaddysites.com/,1
,1,1,0,0,1,0,0,0,0,0,7,2,0,0,0,0,0,9,4,6,5,https://chime79.godaddysites.com/,1
,1,1,0,0,1,0,0,0,0,0,9,2,0,0,0,0,0,9,4,5,5,https://chime94.godaddysites.com/,1
,1,1,0,0,1,0,0,0,0,0,7,2,0,0,0,0,0,14,4,5,5,https://chime96.godaddysites.com/,1
,1,1,0,0,1,0,0,0,0,0,9,2,0,0,2,0,0,9,4,6,11,https://chimebonus22.godaddysites.com/,1
,1,1,0,0,1,0,0,0,0,0,9,2,0,0,4,0,0,9,6,6,18,https://chimesweepstakes10.godaddysites.com/,1
,1,1,0,0,1,0,0,0,0,0,10,2,0,0,11,0,0,9,4,6,17,https://chimesweepstakes17.godaddysites.com/,1
,1,1,0,0,1,0,0,0,0,0,9,2,0,0,0,0,0,9,3,6,18,https://chimesweepstakes35.godaddysites.com/,1
,1,1,0,0,1,0,0,0,0,0,6,1,0,0,1,0,0,9,5,6,17,https://chimesweepstakes37.godaddysites.com/,1
,1,1,0,0,1,0,0,0,0,0,9,2,0,0,1,0,0,9,3,6,17,https://chimesweepstakes42.godaddysites.com/,1
,1,1,0,0,1,0,0,0,0,0,7,2,0,0,0,0,0,9,4,6,16,https://congratulations9.godaddysites.com/,1
,1,1,0,0,1,0,0,0,0,0,9,2,0,0,0,0,0,9,5,6,16,https://congratulations48.godaddysites.com/,1
,1,1,0,0,1,0,0,0,0,0,7,2,0,0,0,0,0,9,4,6,15,https://congratulations57.godaddysites.com/,1
,1,1,0,0,1,0,0,0,0,0,7,2,0,0,0,0,0,9,5,6,15,https://congratulations95.godaddysites.com/,1
,1,1,0,0,1,0,0,0,0,0,7,2,0,0,0,0,0,9,4,6,15,https://congratulations97.godaddysites.com/,1
,0,0,0,0,1,0,0,0,0,0,0,0,0,0,0,0,0,1,0,3,27,https://paketstrankaposta.web.app/,1
,0,0,0,0,1,0,0,0,0,0,0,0,0,0,0,0,0,1,0,3,27,https://paketstrankaposta.firebaseapp.com/,1
,1,1,0,0,1,0,0,0,0,0,4,1,0,0,0,0,0,9,5,6,7,https://contact41.godaddysites.com/,1
,1,1,0,0,1,0,0,0,0,0,4,1,0,0,0,0,0,9,5,6,7,https://contact77.godaddysites.com/,1
,1,1,0,0,1,0,0,0,0,0,3,1,0,0,0,0,0,9,2,6,8,https://docusign9.godaddysites.com/about,1
,1,1,0,0,1,0,0,0,0,0,3,1,0,0,7,0,0,12,2,23,17,https://dropbox3.godaddysites.com/,1
,1,1,0,0,1,0,0,0,0,0,3,1,0,0,0,0,0,12,2,18,7,https://dropbox4.godaddysites.com/,1
,1,1,0,0,1,0,0,0,0,0,3,1,0,0,1,0,0,14,2,16,7,https://dropbox5.godaddysites.com/,1
,1,1,0,0,1,0,0,0,0,0,4,1,0,0,0,0,0,12,3,22,7,https://dropbox6.godaddysites.com/,1
,1,1,0,0,1,0,0,0,0,0,3,1,0,0,0,0,0,13,2,22,7,https://dropbox7.godaddysites.com/,1
,1,1,0,0,1,0,0,0,0,0,3,1,0,0,0,0,0,13,2,17,7,https://dropbox8.godaddysites.com/,1
,1,1,0,0,1,0,0,0,0,0,3,1,0,0,8,0,0,13,2,23,7,https://dropbox10.godaddysites.com/,1
,1,1,0,0,1,0,0,0,0,0,3,1,0,0,0,0,0,9,2,4,8,https://dropbox47.godaddysites.com/,1
,0,0,0,0,1,0,0,0,0,0,0,0,0,0,0,0,0,9,3,4,7,https://dropbox97.godaddysites.com/,1
,1,1,0,0,1,0,0,0,0,0,3,1,0,0,4,0,0,9,4,5,13,https://emailservice2.godaddysites.com/,1
,1,1,0,0,1,0,0,0,0,0,3,1,0,0,0,0,0,9,2,5,32,https://emailverificationadminupgrade2.godaddysites.com/,1
,1,1,0,0,1,0,0,0,0,0,3,1,0,0,0,0,0,9,3,5,32,https://emailverificationadminupgrade13.godaddysites.com/,1
,1,1,0,0,1,0,0,0,0,0,3,1,0,0,0,0,0,9,2,5,32,https://emailverificationadminupgrade85.godaddysites.com/,1
,1,1,0,0,1,0,0,0,0,0,3,1,0,0,0,0,0,9,3,5,33,https://emailverificationadminupgrade91.godaddysites.com/,1
,1,1,0,0,1,0,0,0,0,0,4,1,0,0,0,0,0,9,4,6,25,https://emailverificationupdate28.godaddysites.com/,1
,1,1,0,0,1,0,0,0,0,0,5,1,0,0,0,0,0,9,3,6,25,https://emailverificationupdate32.godaddysites.com/,1
,1,1,0,0,1,0,0,0,0,0,4,1,0,0,0,0,0,9,3,6,25,https://emailverificationupdate50.godaddysites.com/,1
,1,1,0,0,1,0,0,0,0,0,4,1,0,0,0,0,0,9,3,6,25,https://emailverificationupdate58.godaddysites.com/,1
,1,1,0,0,1,0,0,0,0,0,4,1,0,0,0,0,0,9,3,6,25,https://emailverificationupdate64.godaddysites.com/,1
,1,1,0,0,1,0,0,0,0,0,4,1,0,0,0,0,0,9,4,6,25,https://emailverificationupdate76.godaddysites.com/,1
,1,1,0,0,1,0,0,0,0,0,4,1,0,0,0,0,0,9,3,6,25,https://emailverificationupdate78.godaddysites.com/,1
,1,1,0,0,1,0,0,0,0,0,4,1,0,0,11,0,0,9,4,6,8,https://eurobank8.godaddysites.com/,1
,1,1,0,0,1,0,0,0,0,0,4,1,0,0,1,0,0,9,3,6,8,https://eurobank7.godaddysites.com/,1
,1,1,0,0,1,0,0,0,0,0,4,1,0,0,1,0,0,9,5,6,8,https://eurobank19.godaddysites.com/,1
,1,1,0,0,1,0,0,0,0,0,4,1,0,0,1,0,0,9,6,6,8,https://eurobank44.godaddysites.com/,1
,1,1,0,0,1,0,0,0,0,0,4,1,0,0,10,0,0,9,3,6,9,https://eurobank51.godaddysites.com/,1
,1,1,0,0,1,0,0,0,0,0,4,1,0,0,1,0,0,9,5,6,8,https://eurobank99.godaddysites.com/,1
,1,1,0,0,1,0,0,0,0,0,3,1,0,0,0,0,0,9,4,6,6,https://fileee7.godaddysites.com/,1
,1,0,0,1,1,0,1,1,0,0,13,0,0,0,4,0,0,5,7,11,7,https://hieraktualisieren4.yolasite.com/,1
,1,0,0,1,1,0,1,1,0,0,13,0,0,0,4,0,0,5,7,11,7,https://hieraktualisieren7.yolasite.com/,1
,1,0,0,1,1,0,1,1,0,0,13,0,0,0,4,0,0,5,7,11,7,http://hieraktualisieren7.yolasite.com/,1
,0,0,0,0,1,0,0,0,0,0,0,0,0,0,0,0,0,17,4,17,9,https://information24.godaddysites.com/,1
,1,0,0,0,1,0,1,0,0,0,3,0,0,0,0,0,0,1,0,5,7,https://infos4.yolasite.com/,1
,1,0,0,0,1,0,1,0,0,0,3,0,0,0,7,0,0,4,0,3,4,https://linkedin8.yolasite.com/,1
,1,0,0,0,1,0,1,0,0,0,3,0,0,0,1,0,0,3,0,3,4,https://linkedin13.yolasite.com/,1
,1,0,0,0,1,0,1,0,0,0,2,0,0,0,0,0,0,3,0,3,4,https://linkedin14.yolasite.com/,1
,1,0,0,0,1,0,1,0,0,0,2,0,0,0,0,0,0,3,0,3,4,https://linkedin24.yolasite.com/,1
,1,1,0,0,1,0,0,0,0,0,3,1,0,0,0,0,0,9,3,5,7,https://mail0.godaddysites.com/,1
,1,1,0,0,1,0,0,0,0,0,4,1,0,0,0,0,0,13,3,14,4,https://mail4.godaddysites.com/,1
,1,1,0,0,1,0,0,0,0,0,3,1,0,0,0,0,0,9,3,5,8,https://mail6.godaddysites.com/,1
,1,1,0,0,1,0,0,0,0,0,3,1,0,0,0,0,0,9,2,6,4,https://mail12.godaddysites.com/,1
,1,1,0,0,1,0,0,0,0,0,3,1,0,0,0,0,0,9,4,6,4,https://mail16.godaddysites.com/,1
,1,1,0,0,1,0,0,0,0,0,3,1,0,0,0,0,0,9,4,6,7,https://mailbox1.godaddysites.com/,1
,1,1,0,0,1,0,0,0,0,0,3,1,0,0,0,0,0,12,2,17,10,https://mailupdate1.godaddysites.com/,1
,1,1,0,0,1,0,0,0,0,0,4,1,0,0,1,0,0,9,3,6,3,https://nbg14.godaddysites.com/,1
,1,1,0,0,1,0,0,0,0,0,4,1,0,0,1,0,0,9,3,6,3,https://nbg50.godaddysites.com/,1
,1,1,0,0,1,0,0,0,0,0,3,1,0,0,0,0,0,13,2,16,8,https://onedrive1.godaddysites.com/,1
,1,1,0,0,1,0,0,0,0,0,4,1,0,0,1,0,0,11,3,17,19,https://onedrive2.godaddysites.com/,1
,1,1,0,0,1,0,0,0,0,0,3,3,0,0,4,0,0,13,2,21,8,https://onedrive3.godaddysites.com/,1
,1,1,0,0,1,1,0,1,0,0,12,9,0,54,0,0,0,4,0,6,26,https://acesso-com-umclique.com/hipercard/home.php?userID=&uri=Ba74/vxRjpyw8g6YedDmlCJtRoeUpzWMLeO9AaP8sJc=,1
,1,1,0,0,1,0,0,0,0,0,3,1,0,0,1,0,0,12,2,17,8,https://onedrive5.godaddysites.com/,1
,1,1,0,0,1,1,0,1,0,0,12,9,0,54,0,0,0,4,0,6,26,https://acesso-com-umclique.com/hipercard/home.php?userid=13&amp;uri=vpkmcdtwg70lkgghvqpk1rlu7n1ng/flg7fdfewxslk14-,1
,1,1,0,0,1,0,0,0,0,0,4,1,0,0,0,0,0,17,2,17,8,https://onedrive7.godaddysites.com/,1
,1,1,0,0,1,0,0,0,0,0,3,1,0,0,0,0,0,13,2,20,19,https://onedrive8.godaddysites.com/contact,1
,1,1,0,0,1,0,0,0,0,0,3,1,0,0,0,0,0,11,2,14,9,https://onedrive21.godaddysites.com/,1
,1,1,0,0,1,0,0,0,0,0,3,1,0,0,0,0,0,9,4,6,5,https://ooooo7.godaddysites.com/,1
,1,1,0,0,1,0,0,0,0,0,3,1,0,0,0,0,0,9,4,6,5,https://ooooo10.godaddysites.com/,1
,1,1,0,0,1,0,0,0,0,0,3,1,0,0,0,0,0,9,2,6,5,https://ooooo89.godaddysites.com/,1
,1,0,0,0,1,0,1,0,0,0,3,0,0,0,0,0,0,4,0,3,7,https://outlooklive17.yolasite.com/,1
,1,1,0,0,1,0,0,0,0,0,3,1,0,0,0,0,0,9,4,6,5,https://pape2.godaddysites.com/,1
,1,1,0,0,1,0,0,0,0,0,3,1,0,0,0,0,0,9,4,6,5,https://pape22.godaddysites.com/,1
,1,1,0,0,1,0,0,0,0,0,4,1,0,0,0,0,0,9,5,6,4,https://pape65.godaddysites.com/,1
,0,1,0,0,1,0,0,0,0,0,0,4,0,0,12,0,0,8,0,26,29,https://peringatanpemblokiran895.weebly.com/,1
,1,1,0,1,1,0,0,1,0,0,9,4,0,0,12,0,0,8,0,26,29,https://peringatanpemblokiran975.weebly.com/,1
,1,1,0,1,1,0,0,1,0,0,10,1,0,0,2,0,0,12,0,23,17,https://peringatanpemblokiran988.weebly.com/,1
,0,1,0,0,1,0,0,0,0,0,0,4,0,0,12,0,0,8,0,26,29,https://peringatanpemblokiran993.weebly.com/,1
,1,1,0,0,1,0,0,0,0,0,4,1,0,0,0,0,0,9,3,6,14,https://poillbarlean21.godaddysites.com/,1
,1,1,0,1,1,0,0,1,0,0,10,1,0,0,1,0,0,2,0,14,18,https://proximus1.weebly.com/,1
,1,1,0,0,1,0,0,0,0,0,3,1,0,0,0,0,0,9,3,5,42,https://sbcglobalemailverificationadmi3.godaddysites.com/,1
,1,1,0,0,1,0,0,0,0,0,3,1,0,0,5,0,0,9,3,5,42,https://sbcglobalemailverificationadmi31.godaddysites.com/,1
,1,1,0,0,1,0,0,0,0,0,3,1,0,0,0,0,0,9,3,6,9,https://servterm30.godaddysites.com/,1
,1,1,0,0,1,0,0,0,0,0,3,1,0,0,0,0,0,9,2,23,23,https://shaw6.godaddysites.com/,1
,1,1,0,0,1,0,0,0,0,0,4,1,0,0,0,0,0,9,7,6,4,https://shaw98.godaddysites.com/,1
,1,1,0,0,1,0,0,0,0,0,3,1,0,0,0,0,0,9,2,6,11,https://siteorange8.godaddysites.com/,1
,1,1,0,0,1,0,0,0,0,0,7,2,0,0,2,0,0,9,5,6,7,https://sweeps1.godaddysites.com/,1
,1,1,0,0,1,0,0,0,0,0,7,2,0,0,2,0,0,9,5,6,6,https://sweeps9.godaddysites.com/,1
,1,1,0,0,1,0,0,0,0,0,8,2,0,0,0,0,0,9,8,6,6,https://sweeps95.godaddysites.com/,1
,1,1,0,0,1,0,0,0,0,0,8,2,0,0,0,0,0,9,5,6,11,https://sweepstakes0.godaddysites.com/,1
,1,1,0,0,1,0,0,0,0,0,7,2,0,0,0,0,0,9,5,6,12,https://sweepstakes2.godaddysites.com/,1
,1,1,0,0,1,0,0,0,0,0,8,2,0,0,0,0,0,9,3,6,12,https://sweepstakes3.godaddysites.com/,1
,1,1,0,0,1,0,0,0,0,0,9,2,0,0,1,0,0,9,3,6,11,https://sweepstakes4.godaddysites.com/,1
,1,1,0,0,1,0,0,0,0,0,9,2,0,0,13,0,0,9,3,6,11,https://sweepstakes8.godaddysites.com/,1
,0,0,0,0,1,0,0,0,0,0,0,0,0,0,0,0,0,9,3,6,12,https://sweepstakes11.godaddysites.com/,1
,1,1,0,0,1,0,0,0,0,0,8,2,0,0,28,0,0,9,13,10,12,https://sweepstakes12.godaddysites.com/,1
,1,1,0,0,1,0,0,0,0,0,8,2,0,0,0,0,0,9,4,6,12,https://sweepstakes14.godaddysites.com/,1
,1,1,0,0,1,0,0,0,0,0,9,2,0,0,9,0,0,9,5,6,12,https://sweepstakes19.godaddysites.com/,1
,1,1,0,0,1,0,0,0,0,0,8,2,0,0,0,0,0,9,4,6,12,https://sweepstakes25.godaddysites.com/,1
,1,1,0,0,1,0,0,0,0,0,8,2,0,0,0,0,0,9,3,6,12,https://sweepstakes26.godaddysites.com/,1
,1,1,0,0,1,0,0,0,0,0,13,2,0,0,28,0,0,9,13,10,13,https://sweepstakes27.godaddysites.com/,1
,1,1,0,0,1,0,0,0,0,0,7,2,0,0,0,0,0,9,3,6,12,https://sweepstakes31.godaddysites.com/,1
,1,1,0,0,1,0,0,0,0,0,8,2,0,0,5,0,0,9,7,6,12,https://sweepstakes32.godaddysites.com/,1
,1,1,0,0,1,0,0,0,0,0,8,2,0,0,0,0,0,9,3,6,12,https://sweepstakes37.godaddysites.com/,1
,1,1,0,0,1,0,0,0,0,0,8,2,0,0,28,0,0,9,13,10,13,https://sweepstakes40.godaddysites.com/,1
,1,1,0,0,1,0,0,0,0,0,9,2,0,0,31,0,0,9,12,10,12,https://sweepstakes49.godaddysites.com/,1
,1,1,0,0,1,0,0,0,0,0,11,2,0,0,28,0,0,9,13,10,13,https://sweepstakes50.godaddysites.com/,1
,1,1,0,0,1,0,0,0,0,0,7,2,0,0,0,0,0,9,4,6,12,https://sweepstakes52.godaddysites.com/,1
,1,1,0,0,1,0,0,0,0,0,8,2,0,0,0,0,0,9,3,6,12,https://sweepstakes55.godaddysites.com/,1
,1,1,0,0,1,0,0,0,0,0,7,2,0,0,3,0,0,9,3,6,12,https://sweepstakes60.godaddysites.com/,1
,1,1,0,0,1,0,0,0,0,0,7,2,0,0,6,0,0,9,3,6,12,https://sweepstakes63.godaddysites.com/,1
,1,1,0,0,1,0,0,0,0,0,7,2,0,0,0,0,0,9,4,6,12,https://sweepstakes65.godaddysites.com/,1
,1,1,0,0,1,0,0,0,0,0,8,2,0,0,0,0,0,9,3,6,13,https://sweepstakes71.godaddysites.com/,1
,1,1,0,0,1,0,0,0,0,0,7,2,0,0,1,0,0,9,3,6,11,https://sweepstakes76.godaddysites.com/,1
,1,1,0,0,1,0,0,0,0,0,4,1,0,0,1,0,7,9,20,6,14,https://trapezaethniki86.godaddysites.com/,1
,1,1,0,0,1,0,0,0,0,0,3,1,0,0,0,0,0,11,2,18,7,https://upgrade2.godaddysites.com/,1
,1,1,0,0,1,0,0,0,0,0,3,1,0,0,0,0,0,12,2,17,7,https://upgrade10.godaddysites.com/,1
,1,1,0,0,1,0,0,0,0,0,3,1,0,0,0,0,0,12,2,19,7,https://upgrade13.godaddysites.com/,1
,1,1,0,0,1,0,0,0,0,0,4,1,0,0,0,0,0,11,2,17,7,https://upgrade15.godaddysites.com/,1
,1,1,0,0,1,0,0,0,0,0,3,1,0,0,0,0,0,13,3,21,9,https://upgrade22.godaddysites.com/,1
,1,1,0,0,1,0,0,0,0,0,3,1,0,0,0,0,0,9,3,5,11,https://virginmedia3.godaddysites.com/,1
,1,1,0,0,1,0,0,0,0,0,3,1,0,0,0,0,0,9,6,6,12,https://virginmedia19.godaddysites.com/,1
,1,1,0,0,1,0,0,0,0,0,3,1,0,0,0,0,0,9,3,5,11,https://virginmedia48.godaddysites.com/,1
,1,1,0,0,1,0,0,0,0,0,3,1,0,0,0,0,0,9,3,5,11,https://virginmedia64.godaddysites.com/,1
,1,1,0,0,1,0,0,0,0,0,3,1,0,0,0,0,0,9,3,5,11,https://virginmedia94.godaddysites.com/,1
,1,0,0,0,1,0,1,0,0,0,2,0,0,0,10,0,0,3,0,3,4,https://walletconnect10.yolasite.com/,1
,1,0,0,0,1,0,1,0,0,0,2,0,0,0,1,0,0,4,1,3,4,https://walletconnect16.yolasite.com/,1
,1,1,0,0,1,0,0,0,0,0,7,2,0,0,0,0,0,9,5,6,16,https://winner7.godaddysites.com/,1
,1,1,0,0,1,0,0,0,0,0,7,2,0,0,0,0,0,9,7,6,6,https://winner14.godaddysites.com/,1
,1,1,0,0,1,0,0,0,0,0,7,2,0,0,0,0,0,9,5,6,6,https://winner16.godaddysites.com/,1
,1,1,0,0,1,0,0,0,0,0,7,2,0,0,0,0,0,9,5,6,6,https://winner33.godaddysites.com/,1
,1,1,0,0,1,0,0,0,0,0,6,2,0,0,0,0,0,9,5,6,6,https://winner38.godaddysites.com/,1
,1,1,0,0,1,0,0,0,0,0,9,2,0,0,0,0,0,9,4,6,7,https://winner64.godaddysites.com/,1
,1,1,0,0,1,0,0,0,0,0,9,2,0,0,0,0,0,9,5,6,7,https://winner70.godaddysites.com/,1
,1,1,0,0,1,0,0,0,0,0,6,2,0,0,0,0,0,9,4,6,7,https://winner72.godaddysites.com/,1
,1,1,0,0,1,0,0,0,0,0,8,2,0,0,0,0,0,9,4,6,8,https://winner79.godaddysites.com/,1
,1,1,0,0,1,0,0,0,0,0,7,2,0,0,0,0,0,9,4,6,6,https://winner99.godaddysites.com/,1
,1,0,0,0,1,0,1,0,0,0,2,0,0,0,0,0,0,1,0,5,4,https://xfinity0.yolasite.com/,1
,0,0,0,0,1,0,0,0,0,0,0,0,0,0,1,0,0,2,0,3,4,https://xfinity8.yolasite.com/,1
,1,0,0,1,1,0,0,1,0,0,12,0,0,0,4,0,0,5,6,11,7,https://xfinity9.yolasite.com/,1
,1,0,0,1,1,0,1,1,0,0,12,0,0,0,0,0,0,5,6,11,7,https://xfinity12.yolasite.com/,1
,0,0,0,0,1,0,0,0,0,0,0,0,0,0,1,0,0,2,0,3,4,https://xfinity14.yolasite.com/,1
,0,0,0,0,1,0,0,0,0,0,0,0,0,0,1,0,0,2,0,3,4,https://xfinity15.yolasite.com/,1
,0,0,0,0,1,0,0,0,0,0,0,0,0,0,1,0,0,2,0,3,4,https://xfinity20.yolasite.com/,1
,0,0,0,0,1,0,0,0,0,0,0,0,0,0,1,0,0,2,0,3,4,https://xfinity21.yolasite.com/,1
,0,0,0,0,1,0,0,0,0,0,0,0,0,0,1,0,0,2,0,3,4,https://xfinity22.yolasite.com/,1
,0,0,0,0,1,0,0,0,0,0,0,0,0,0,1,0,0,3,0,3,4,https://xfinity23.yolasite.com/,1
,1,0,0,0,1,0,1,0,0,0,2,0,0,0,0,0,0,3,0,3,15,https://xfinity29.yolasite.com/,1
,0,0,0,0,1,0,0,0,0,0,0,0,0,0,0,0,0,3,0,3,4,https://xfinity32.yolasite.com/,1
,1,0,0,0,1,0,1,0,0,0,2,0,0,0,0,0,0,3,0,5,18,https://xfinity34.yolasite.com/,1
,1,1,0,0,1,0,0,0,0,0,6,2,0,0,0,0,0,13,10,31,3,https://yah1.godaddysites.com/,1
,1,1,0,0,1,0,0,0,0,0,3,1,0,0,0,0,0,13,2,23,3,https://yah2.godaddysites.com/,1
,1,1,0,0,1,0,0,0,0,0,3,1,0,0,0,0,0,14,1,6,15,https://yahiooserveteam78.godaddysites.com/,1
,1,1,0,0,1,0,0,0,0,0,4,1,0,0,0,0,0,14,3,6,10,https://yahmail1.godaddysites.com/,1
,1,1,0,0,1,0,0,0,0,0,4,1,0,0,0,0,0,14,3,6,10,https://yahmail3.godaddysites.com/,1
,1,1,0,0,1,0,0,0,0,0,4,1,0,0,0,0,0,14,3,6,10,https://yahmail7.godaddysites.com/,1
,1,1,0,0,1,0,0,0,0,0,4,1,0,0,0,0,0,14,3,6,10,https://yahmail42.godaddysites.com/,1
,1,1,0,0,1,0,0,0,0,0,3,1,0,0,0,0,0,13,2,22,5,https://yaho2.godaddysites.com/,1
,1,1,0,0,1,0,0,0,0,0,4,1,0,0,0,0,0,14,3,6,11,https://yahvoomail1.godaddysites.com/,1
,1,1,0,0,1,0,0,0,0,0,4,1,0,0,0,0,0,14,3,6,11,https://yahvoomail5.godaddysites.com/,1
,1,1,0,0,1,0,0,0,0,0,4,1,0,0,0,0,0,14,3,6,11,https://yahvoomail8.godaddysites.com/,1
,1,1,0,0,1,0,0,0,0,0,4,1,0,0,0,0,0,14,3,6,11,https://yahvoomail9.godaddysites.com/,1
,1,1,0,0,1,0,0,0,0,0,3,1,0,0,5,0,0,13,2,19,7,https://ymail2.godaddysites.com/,1
,1,1,0,0,1,0,0,0,0,0,3,1,0,0,0,0,0,12,2,18,9,https://ymail4.godaddysites.com/,1
,1,1,0,0,1,0,0,0,0,0,3,1,0,0,0,0,0,9,3,5,9,https://ymail6.godaddysites.com/,1
,1,1,0,0,1,0,0,0,0,0,4,1,0,0,25,0,0,9,10,7,5,https://ymail8.godaddysites.com/,1
,1,1,0,0,1,0,0,0,0,0,3,1,0,0,0,0,0,9,1,5,5,https://ymail62.godaddysites.com/,1
,1,1,0,0,1,0,0,0,0,0,3,1,0,0,0,0,0,14,1,5,7,https://ymail94.godaddysites.com/,1
,0,1,0,0,1,0,0,0,0,0,0,1,0,0,0,0,0,4,0,0,12,http://vvww-looksrare.com,1
,0,0,0,0,0,0,0,0,0,0,0,0,0,0,0,0,0,0,0,0,0,https://wwwworicn.singaporeic.com/jp.php,1
,0,0,0,0,1,0,0,0,0,0,0,0,0,0,0,0,0,6,0,1,25,https://rcvrhelpcntrsre.start.page/,1
,0,0,0,0,0,0,0,0,0,0,0,0,0,0,0,0,0,0,0,0,0,https://saldaoonlineame.com/estoque/1672616491/&amp;uid=SKU113248034,1
,0,0,0,0,0,0,0,0,0,0,0,0,0,0,0,0,0,0,0,1,0,https://damp-bush-8667.westmonds-rew.workers.dev/,1
,0,0,0,0,0,0,0,0,0,0,0,0,0,0,0,0,0,0,0,1,0,https://a-s-s3.gikjn.repl.co/,1
,1,1,0,0,1,1,0,1,0,0,7,1,0,3,0,0,0,3,0,3,7,https://azianazamimi.unimap.edu.my/images/net/,1
,1,1,0,0,1,1,1,0,0,0,2,2,0,0,0,0,0,2,3,9,17,https://www.hzb.com.ar/hugyiu/,1
,0,0,0,0,0,0,0,0,0,0,0,0,0,0,0,0,0,0,0,1,0,https://bafybeigoasiavcvjfhervswg5qu3hwakgpbotrcrinrjuauwt5phbt2gii.ipfs.w3s.link/bbr.html,1
,0,0,0,0,0,0,0,0,0,0,0,0,0,0,0,0,0,0,0,1,0,https://bafybeicn7cmk3a45pdoehrd2gm2zdmrgvtdt7ac4ya5ls3oo52eouvy4z4.ipfs.w3s.link/neq.html,1
,0,0,0,0,0,0,0,0,0,0,0,0,0,0,0,0,0,0,0,0,0,https://web.mypage.microsoftoffice2023.teknikser.com.tr/,1
,0,0,0,0,1,0,0,0,0,0,0,0,0,0,0,0,0,1,0,0,17,http://fixedupallwalleterrors.org,1
,1,1,0,0,1,1,0,0,0,0,2,2,0,161,0,0,0,7,0,4,21,https://securitypagecommunity.co.vu/Warning-Abuse/,1
,0,0,0,0,1,0,0,0,0,0,0,0,0,0,0,0,0,11,0,13,14,https://bitkubwallet.univer.se/,1
,0,0,0,0,1,0,0,0,0,0,0,0,0,0,0,0,0,6,0,1,22,https://centralreconfirm.start.page/,1
,0,0,0,0,0,0,0,0,0,0,0,0,0,0,0,0,0,0,0,2,0,http://cek58793690694674609.rf.gd/?i=1,1
,0,0,0,0,0,0,0,0,0,0,0,0,0,0,0,0,0,0,0,2,0,http://cek58793690694674609.rf.gd/,1
,0,0,0,0,1,0,0,0,0,0,0,0,0,0,0,0,0,6,0,15,16,https://s.id/1uqKR,1
,0,0,0,0,0,0,0,0,0,0,0,0,0,0,0,0,0,0,0,0,55,http://www.c1762036.ferozo.com/img/hsbc/galicia/,1
,0,0,0,0,0,0,0,0,0,0,0,0,0,0,0,0,0,0,0,0,0,https://info-ameli-cpam.com/,1
,0,0,0,0,0,0,0,0,0,0,0,0,0,0,0,0,0,0,0,0,0,https://suspension-vitale.fr/,1
,0,0,0,0,0,0,0,0,0,0,0,0,0,0,0,0,0,0,0,0,3,https://wwwworicn.nftstrue.com/all/sign.php,1
,0,0,0,0,0,0,0,0,0,0,0,0,0,0,0,0,0,0,0,0,3,https://houtai3.nskskqf.cn/all/sign.php,1
,0,0,0,0,0,0,0,0,0,0,0,0,0,0,0,0,0,0,0,0,3,https://wwwworicn.lcefi.com/all/sign.php,1
,0,0,0,0,1,0,0,0,0,0,0,0,0,0,0,0,0,18,0,5,56,http://trustpad-eve.net,1
,0,0,0,0,0,0,0,0,0,0,0,0,0,0,0,0,0,0,0,1,0,https://54566565t.webcindario.com/,1
,0,0,0,0,0,0,0,0,0,0,0,0,0,0,0,0,0,0,0,1,0,https://54566565t.webcindario.com/index1.html,1
,0,0,0,0,0,0,0,0,0,0,0,0,0,0,0,0,0,0,0,2,0,http://jwara99793565659859.rf.gd/,1
,0,0,0,0,1,0,0,0,0,0,0,0,0,0,0,0,0,6,1,1,13,https://betg366.start.page/,1
,0,0,0,0,1,0,0,0,0,0,0,0,0,0,0,0,0,18,0,17,11,https://tribelio.page/adsv3r1f1c4ti0nc0mf1rm4t10n,1
,0,0,0,0,1,0,0,0,0,0,0,0,0,0,0,0,0,1,0,5,0,http://realizesolucoesfinanceiras.fhgfh.co.uk/,1
,1,1,0,0,1,0,0,1,0,0,6,2,0,0,0,0,0,19,2,16,43,https://vejahojemesmoo.com/veja/agora/facil/,1
,1,1,0,0,1,0,0,1,0,0,6,2,0,0,0,0,0,19,2,16,43,https://vejahojemesmoo.com/veja/agora/facil,1
,0,0,0,0,1,0,0,0,0,0,0,0,0,0,0,0,0,4,0,1,89,https://nodeinfosync.surge.sh/,1
,0,0,0,0,0,0,0,0,0,0,0,0,0,0,0,0,0,0,0,1,16,https://dpomstlms.web.app/,1
,0,0,0,0,0,0,0,0,0,0,0,0,0,0,0,0,0,0,0,1,16,https://dpomstlms.firebaseapp.com/,1
,0,1,0,0,0,0,0,0,0,0,0,1,0,0,0,0,0,0,0,5,14,https://kadetech.com.ar/wp-includes/IXR/hu/red4/,1
,0,1,0,0,0,0,0,0,0,0,0,1,0,0,0,0,0,0,0,5,14,https://kadetech.com.ar/wp-includes/IXR/hu/,1
,1,1,0,0,1,1,0,1,0,0,23,2,0,4,11,0,0,2,0,0,9,https://dainty-empanada-6693e9.netlify.app/,1
,1,1,0,0,1,1,0,1,0,0,23,2,0,4,11,0,0,2,0,0,9,https://benevolent-jalebi-8abd76.netlify.app/,1
,1,1,0,1,1,0,0,1,0,0,25,2,0,63,133,0,0,12,21,18,34,https://pop.mydogsupplement.org/wordpress/wp-includes/ID3/us91455211410/,1
,1,1,0,0,1,1,1,0,0,0,2,3,0,0,0,0,0,3,0,8,18,https://soportemvd.m.uy/Wp/sharepoint-3D7/,1
,0,0,0,0,0,0,0,0,0,0,0,0,0,0,0,0,0,0,0,1,0,https://feagraghsd.infura-ipfs.io/ipfs/QmXu88KictyYzaeXJZVXms7APDcsKHMZKymkZrVSFtxDvf,1
,1,1,0,0,1,1,1,0,0,0,2,3,0,0,0,0,0,3,2,8,18,http://autodiscover.getlivingdc.com/sdocs/adobedbo/adobedbo/,1
,0,0,0,0,0,0,0,0,0,0,0,0,0,0,0,0,0,0,0,2,0,http://microsotf-mail-mdnimtgb67o.filesusr.com/html/e766f6_03f39d7024f5289eaae8609ccfe16002.html,1
,0,0,0,0,0,0,0,0,0,0,0,0,0,0,0,0,0,0,0,2,0,http://9247696.filesusr.com/html/e766f6_03f39d7024f5289eaae8609ccfe16002.html,1
,1,0,0,0,1,1,1,1,0,0,4,0,0,0,0,0,14,1,0,0,80,https://spinhost.net/wp-file-manager/inc/images/wp-includes/redirect.php,1
,1,1,0,0,1,1,1,0,0,0,2,1,0,0,0,0,0,3,0,10,9,https://bafybeibm5fuxeokpabhco5zqudg7un3u62sifqlfo3wn5bru4nrwk5yecu.ipfs.w3s.link/indeexvvv.html,1
,0,0,0,0,1,0,0,0,0,0,0,0,0,0,0,0,0,14,0,27,13,https://usp.tracksps.com/,1
,0,0,0,0,0,0,0,0,0,0,0,0,0,0,0,0,0,0,0,1,0,https://4543545545ar4.webcindario.com/index1.html,1
,0,0,0,0,0,0,0,0,0,0,0,0,0,0,0,0,0,0,0,1,0,https://4543545545ar4.webcindario.com/,1
,0,0,0,0,0,0,0,0,0,0,0,0,0,0,0,0,0,0,0,0,0,http://fdvghr.ga/,1
,1,1,0,1,1,1,0,1,0,0,33,1,0,0,26,14,9,12,4,13,24,https://dpd.tracking.europe.int.148-113-140-71.cprapid.com/paket/update.php,1
,1,1,0,0,1,1,0,1,0,0,12,9,0,54,0,0,0,4,0,6,26,https://acesso-com-umclique.com/hipercard/home.php?userID=&uri=m8EokQXMi2iUwpuXXRqhQohk0Oc+2PleFqaPw1lXqX0=,1
,1,1,0,0,1,1,0,1,0,0,12,9,0,54,0,0,0,4,0,6,26,https://acesso-com-umclique.com/hipercard/home.php?userid=13&amp;uri=vpkmcdtwg70lkgghvqpk1rlu7n1ng/flg7fdfewxslk,1
,0,0,0,0,0,0,0,0,0,0,0,0,0,0,0,0,0,0,0,0,0,https://plusinov.procuracerta-web.com/inicio/,1
,0,0,0,0,0,0,0,0,0,0,0,0,0,0,0,0,0,0,0,1,0,http://64534354655provi.webcindario.com/index1.html,1
,0,0,0,0,0,0,0,0,0,0,0,0,0,0,0,0,0,0,0,1,0,http://64534354655provi.webcindario.com/,1
,1,1,0,0,1,1,0,0,0,0,1,2,0,0,0,0,0,2,0,3,8,https://homedefikingdoms.com/us-en/meta/Connect.php,1
,1,1,0,0,1,0,1,0,0,0,2,2,0,0,0,0,0,2,3,12,17,https://oddowlclub1-free.xyz/,1
,1,1,0,1,1,0,0,1,0,0,36,1,0,0,182,0,0,12,0,12,28,https://sing.bathory.top/,1
,0,0,0,0,1,0,0,0,0,0,0,0,0,0,0,0,0,1,0,0,17,http://metamask.batis-co.com,1
,1,1,0,1,1,0,0,1,0,0,28,1,0,0,153,0,0,12,0,11,22,https://nine.bathory.top/,1
,1,1,0,1,1,0,0,1,0,0,24,1,0,0,169,0,0,12,0,12,28,https://head.bathory.top/,1
,0,0,0,0,0,0,0,0,0,0,0,0,0,0,0,0,0,0,0,0,0,https://nb-support1.ga,1
,0,0,0,0,1,0,0,0,0,0,0,0,0,0,0,0,0,4,0,3,19,https://collabapp.walletdappfixed.net/,1
,0,0,0,0,0,0,0,0,0,0,0,0,0,0,0,0,0,0,0,1,16,https://carlomcer.web.app/,1
,0,0,0,0,0,0,0,0,0,0,0,0,0,0,0,0,0,0,0,1,16,https://carlomcer.firebaseapp.com/,1
,0,0,0,0,0,0,0,0,0,0,0,0,0,0,0,0,0,0,0,1,16,https://carlomcur.web.app/,1
,0,0,0,0,0,0,0,0,0,0,0,0,0,0,0,0,0,0,0,1,16,https://carlomcur.firebaseapp.com/,1
,0,0,0,0,0,0,0,0,0,0,0,0,0,0,0,0,0,0,0,1,16,https://sumpogaes.web.app/,1
,0,0,0,0,0,0,0,0,0,0,0,0,0,0,0,0,0,0,0,1,16,https://sumpogaes.firebaseapp.com/,1
,0,0,0,0,0,0,0,0,0,0,0,0,0,0,0,0,0,0,0,2,50,https://metasupport1020340234023432.web.app/,1
,0,0,0,0,0,0,0,0,0,0,0,0,0,0,0,0,0,0,0,2,50,https://metasupport1020340234023432.firebaseapp.com/,1
,0,0,0,0,0,0,0,0,0,0,0,0,0,0,0,0,0,0,8,0,3,https://popdot.io/,1
,1,1,0,0,1,1,0,1,0,0,8,1,0,0,0,0,0,5,11,6,7,http://emprestimossicredi.com/loginjsf.php?66029=216e15eaf4c7a398b38fb14420a77c41&amp;amp;amp;66029,1
,0,0,0,0,0,0,0,0,0,0,0,0,0,0,0,0,0,0,0,0,0,http://fdvghr.ga,1
,1,1,0,0,1,1,0,0,0,0,4,2,0,4,11,0,0,2,0,0,9,https://regal-pika-23bab0.netlify.app/,1
,0,0,0,0,1,0,0,0,0,0,0,0,0,0,0,0,0,14,0,27,13,http://infodag-syntra.be/verif/,1
,1,1,0,0,1,1,1,1,0,0,5,1,0,0,0,0,0,3,1,8,30,http://595221.selcdn.ru/qwerty-ohdhdjejnnad-najahhy/index1.html,1
,1,1,0,0,1,1,1,1,0,0,5,1,0,0,0,0,0,3,1,8,30,http://595221.selcdn.ru/qwerty-ohdhdjejnnad-najahhy/index2.html,1
,1,1,0,0,1,1,1,1,0,0,5,1,0,0,0,0,0,3,1,8,30,http://595221.selcdn.ru/qwerty-ohdhdjejnnad-najahhy/index3.html,1
,1,1,0,0,1,1,1,1,0,0,5,1,0,0,0,0,0,3,1,8,30,http://595221.selcdn.ru/qwerty-ohdhdjejnnad-najahhy/index4.html,1
,1,1,0,0,1,1,1,1,0,0,5,1,0,0,0,0,0,3,1,8,30,http://595221.selcdn.ru/qwerty-ohdhdjejnnad-najahhy/index5.html,1
,1,1,0,0,1,1,1,1,0,0,5,1,0,0,0,0,0,3,1,8,30,http://595221.selcdn.ru/qwerty-ohdhdjejnnad-najahhy/index6.html,1
,1,1,0,0,1,1,1,1,0,0,5,1,0,0,0,0,0,3,1,8,30,http://595221.selcdn.ru/qwerty-ohdhdjejnnad-najahhy/index7.html,1
,1,1,0,0,1,1,1,1,0,0,5,1,0,0,0,0,0,3,1,8,30,http://595221.selcdn.ru/qwerty-ohdhdjejnnad-najahhy/index8.html,1
,1,1,0,0,1,1,1,1,0,0,5,1,0,0,0,0,0,3,1,8,30,http://595221.selcdn.ru/qwerty-ohdhdjejnnad-najahhy/index9.html,1
,0,0,0,0,1,0,0,0,0,0,0,0,0,0,0,0,0,1,0,5,53,https://aggreg.myportfolio.com/,1
,0,0,0,0,1,0,0,0,0,0,0,0,0,0,0,0,0,1,0,5,53,https://jsachs.myportfolio.com/,1
,1,1,0,0,1,1,1,1,0,0,9,1,0,0,0,0,0,2,0,2,23,http://storageapi.fleek.one/3084d70c-933c-4ea1-adad-32334b042a25-bucket/bless/indexfowo.html,1
,1,0,0,1,1,1,1,1,0,0,7,0,0,0,0,0,1,1,0,15,7,https://bafybeidhlqexr4m3wfhohu4ixz3vcnkrybezrj2gorqmqoanoz6qo2lncq.ipfs.w3s.link/UPDATED%20wbc3.html,1
,1,1,0,0,1,1,0,1,0,0,18,5,0,0,0,0,0,2,22,33,56,https://idiomas.unh.edu.pe/unh_ci/storage/framework/cache/data/1d/a5/1d/editormijs.HTML,1
,0,0,0,0,0,0,0,0,0,0,0,0,0,0,0,0,0,0,0,0,0,https://bafybeia2kkfiiqz5qrj6u2ucnovjfxfgu67d3bcq7espxqzhidhuzoxcei.ipfs.w3s.link/nf.html,1
,0,0,0,0,0,0,0,0,0,0,0,0,0,0,0,0,0,0,0,0,17,http://lexcel.com.au/index.html,1
,0,0,0,0,1,0,0,0,0,0,0,0,0,0,0,0,0,18,0,0,37,https://prtue6sy56users.boxmode.io/,1
,0,0,0,0,1,0,0,0,0,0,0,0,0,0,0,0,0,1,0,5,53,https://microsoftazure-securefilesharing.myportfolio.com/,1
,0,0,0,0,1,0,0,0,0,0,0,0,0,0,0,0,0,18,0,0,37,https://currently-att676576.boxmode.io/,1
,0,0,0,0,1,0,0,0,0,0,0,0,0,0,0,0,0,18,0,0,37,https://fhdfgujtdrgsxtjhf.boxmode.io/,1
,0,0,0,0,0,0,0,0,0,0,0,0,0,0,0,0,0,0,0,0,0,https://sitebuilder187857.dynadot.com/,1
,0,1,0,0,1,0,0,0,0,1,0,1,0,0,0,0,0,8,3,14,44,https://steamcommnuility.com/discord-nitro,1
,1,1,0,0,1,0,0,1,0,0,6,10,0,11,22,13,6,12,17,16,14,http://solfinance.live,1
,0,1,0,0,1,0,0,0,0,0,0,4,0,6,7,0,0,8,19,18,32,http://loouksrare.com,1
,0,0,0,0,0,0,0,0,0,0,0,0,0,0,0,0,0,0,0,1,0,http://qkjcnsjke23.webcindario.com,1
,0,0,0,0,0,0,0,0,0,0,0,0,0,0,0,0,0,0,0,1,0,http://mkdfsd5429mask.webcindario.com,1
,0,0,0,0,0,0,0,0,0,0,0,0,0,0,0,0,0,0,0,1,0,http://g0dvuzqh86.webcindario.com,1
,0,0,0,0,1,0,0,0,0,0,0,0,0,0,0,0,0,2,4,1,21,https://is.gd/MkbBankBB,1
,1,1,0,0,1,0,0,0,0,0,1,1,0,0,4,0,0,25,2,12,19,http://keysstorreactivation.live,1
,0,0,0,0,1,0,0,0,0,0,0,0,0,0,0,0,0,7,0,3,17,https://app-unsiwap.com.kz/#,1
,0,0,0,0,0,0,0,0,0,0,0,0,0,0,0,0,0,0,0,1,0,http://354664provin.webcindario.com/,1
,0,0,0,0,0,0,0,0,0,0,0,0,0,0,0,0,0,0,0,1,0,http://354664provin.webcindario.com/index1.html,1
,0,1,0,0,1,0,0,0,0,0,0,1,0,0,44,0,0,2,17,9,57,https://sensaii.com/wp-content/plugins/apikey/chrwcrhv4ass/conect/?hash=,1
,0,0,0,0,1,0,0,0,0,0,0,0,0,0,0,0,0,1,0,0,17,http://generalchain-support.com,1
,1,1,0,0,1,0,1,0,0,0,2,8,0,0,0,5,8,3,13,14,75,https://airdrop-zksync.com/,1
,1,1,0,1,0,0,1,1,0,0,6,11,0,0,0,0,0,0,8,9,31,https://xyo-network.xyz/,1
,0,0,0,0,1,0,0,0,0,0,0,0,0,0,0,0,0,6,0,1,25,https://bussines-rcvrt-acn654.start.page/,1
,1,0,0,0,1,0,0,1,0,0,2,0,0,0,0,0,0,2,0,4,13,https://k3yg7p.webwave.dev/,1
,0,1,0,0,1,0,0,0,0,0,0,2,0,0,0,0,0,2,10,11,5,http://juuni.ilmint.com,1
,0,1,0,0,1,0,0,0,0,0,0,5,0,0,0,0,0,5,8,12,38,https://titushk.com,1
,1,1,0,0,0,1,1,1,0,0,7,1,0,83,3,0,0,0,4,6,25,https://sites.google.com/view/ptss18/?ms,1
,1,1,0,0,0,1,1,1,0,0,7,1,0,83,3,0,0,0,4,6,25,https://sites.google.com/view/ptss18/?jd,1
,1,1,0,0,0,1,1,1,0,0,7,1,0,83,3,0,0,0,4,6,25,https://sites.google.com/view/ptss18/?uy,1
,1,1,0,0,0,1,1,1,0,0,7,1,0,83,3,0,0,0,4,6,25,https://sites.google.com/view/ptss18/?dn,1
,1,1,0,0,0,1,1,1,0,0,7,1,0,83,3,0,0,0,4,6,25,https://sites.google.com/view/ptss18/?tm,1
,1,1,0,0,0,1,1,1,0,0,7,1,0,83,3,0,0,0,4,6,25,https://sites.google.com/view/ptss18/?sr,1
,1,1,0,0,0,1,1,1,0,0,7,1,0,83,3,0,0,0,4,6,25,https://sites.google.com/view/ptss18/?rk,1
,1,0,0,0,1,0,0,1,0,0,7,0,0,0,0,0,0,8,15,4,15,http://site9610000.92.webydo.com/home-1.html?cpa_tid=71R376RNTC134NHW93GZEXK45E5EN1QME5DE&dmn=s.biz.vn,1
,1,0,0,0,1,0,0,1,0,0,7,0,0,0,0,0,0,8,15,4,15,https://s.biz.vn/xAtqhNc,1
,1,1,0,0,0,1,1,1,0,0,7,1,0,83,3,0,0,0,4,6,25,https://sites.google.com/view/ptss18/?hu,1
,0,0,0,0,0,0,0,0,0,0,0,0,0,0,0,0,0,0,0,2,0,http://964641164614.hyperphp.com/,1
,0,0,0,0,0,0,0,0,0,0,0,0,0,0,0,0,0,0,0,2,0,http://olensdc.hyperphp.com/,1
,1,0,0,0,1,0,0,1,0,0,7,0,0,0,0,0,0,8,15,4,15,http://site9610000.92.webydo.com/home-1.html?cpa_tid=72R430L0A1113NH01C9T3Z92S246TADJN00T&dmn=s.biz.vn,1
,1,1,0,0,1,1,0,1,0,0,8,2,0,0,4,0,0,5,11,12,62,https://www.jeveuxmourirdemain.com/ns/xxxx-SFRwebcli/ologin.php,1
,1,1,0,0,1,1,0,1,0,0,12,1,0,0,1,0,0,3,0,0,22,http://m.facebookk.net.drhertoncosta.com.br/m.facebook.chayma-el/mobile%20fb/,1
,1,0,0,1,1,1,0,1,0,0,13,0,0,0,5,0,3,1,0,0,22,http://m.facebookk.net.drhertoncosta.com.br/m.facebook.chayma-el/mbasic%20fb/,1
,1,0,0,1,1,1,0,1,0,0,13,0,0,0,5,0,3,1,0,0,22,http://www.m.facebookk.net.drhertoncosta.com.br/m.facebook.chayma-el/mbasic%20fb/,1
,1,1,0,0,1,1,0,1,0,0,12,1,0,0,1,0,0,3,0,0,22,http://www.m.facebookk.net.drhertoncosta.com.br/m.facebook.chayma-el/mobile%20fb/,1
,1,1,0,0,1,1,0,0,0,0,2,1,0,0,0,0,0,2,0,8,14,https://credicardi-acesso-faturas.tk/app/?=0ZD1W0P84M8GF5N1TNG39WJS71AJCP8,1
,1,1,0,0,1,1,0,0,0,0,2,1,0,0,0,0,0,2,0,8,14,https://credicardi-acesso-faturas.tk/,1
,1,0,0,0,1,0,0,1,0,0,2,0,0,0,0,0,0,2,0,4,13,https://mckj0l.webwave.dev/,1
,1,0,0,1,1,0,0,0,0,0,3,0,0,0,22,0,0,2,11,8,21,https://mingovpllaak.oslausiversimp.ml,1
,1,0,0,1,1,0,0,0,0,0,3,0,0,0,22,0,0,2,11,8,21,https://mingovplepui.tesnitenaho.ml,1
,1,0,0,1,1,0,0,0,0,0,3,0,0,0,22,0,0,2,11,8,21,https://mingovplyxhy.gaihuara.ml,1
,1,0,0,1,1,0,0,0,0,0,3,0,0,0,22,0,0,2,11,8,21,https://mingovplqaif.vostwohncrim.ml,1
,1,0,0,1,1,0,0,0,0,0,3,0,0,0,22,0,0,2,11,8,21,https://mingovplkpkx.dioturnpestsi.ml,1
,1,0,0,1,1,0,0,0,0,0,3,0,0,0,22,0,0,2,11,8,21,https://dpdpltwab.gaihuara.ml,1
,1,0,0,1,1,0,0,0,0,0,3,0,0,0,22,0,0,2,11,8,21,https://dhl-de8739.gaihuara.ml,1
,1,0,0,1,1,0,0,0,0,0,3,0,0,0,22,0,0,2,11,8,21,https://dhlukwkwy.nlinernowebtu.ml,1
,1,0,0,1,1,0,0,0,0,0,3,0,0,0,22,0,0,2,11,8,21,https://dpdplkpbq.onenespi.ml,1
,1,0,0,1,1,0,0,0,0,0,3,0,0,0,22,0,0,2,11,8,21,https://dpdpliohu.compgalamore.ml,1
,1,0,0,1,1,0,0,0,0,0,3,0,0,0,22,0,0,2,11,8,21,https://dhl-de8645.compgalamore.ml,1
,1,0,0,1,1,0,0,0,0,0,3,0,0,0,22,0,0,2,11,8,21,https://dpdplwcrn.tesnitenaho.ml,1
,1,0,0,1,1,0,0,0,0,0,3,0,0,0,22,0,0,2,11,8,21,https://dhlukmdwj.tesnitenaho.ml,1
,1,0,0,1,1,0,0,0,0,0,3,0,0,0,22,0,0,2,11,8,21,https://dhl-de6471.ramkcompy.ml,1
,1,0,0,1,1,0,0,0,0,0,3,0,0,0,22,0,0,2,11,8,21,https://dpdplnxim.oslausiversimp.ml,1
,1,0,0,1,1,0,0,0,0,0,3,0,0,0,22,0,0,2,11,8,21,https://dhl-de5843.oslausiversimp.ml,1
,0,0,0,0,1,0,0,0,0,0,0,0,0,0,0,0,0,1,0,0,17,https://a2fshop.ma/m/,1
,1,1,0,1,1,0,0,0,0,0,2,4,0,0,7,0,0,6,1,5,19,https://lojabrinquedo.blogspot.com/,1
,0,1,0,0,1,0,0,0,0,0,0,3,0,0,0,0,0,9,7,6,31,https://metakawars.netlify.app/,1
,1,0,0,1,1,1,0,1,0,0,5,0,0,0,171,2,2,6,17,1,20,https://www.berliner-sparkasse.tk/de/home/login-online-banking.html,1
,0,0,0,0,1,0,0,0,0,0,0,0,0,0,2,0,0,20,13,14,10,https://embarrassedturkey.build067.wpsandbox.app/,1
,0,0,0,0,1,0,0,0,0,0,0,0,0,0,0,0,0,2,4,1,21,https://is.gd/spedizionimps2022,1
,0,0,0,0,1,0,0,0,0,0,0,0,0,0,0,3,2,1,0,3,25,https://top6six.com/FindomesticWeb/,1
,0,1,0,0,1,0,0,0,0,0,0,1,0,0,5,0,0,6,8,9,4,https://parlbas.viaromanonsolopizza.com/,1
,0,1,0,0,1,0,0,0,0,0,0,1,0,0,5,0,0,6,8,9,4,https://parlbas.viaromanonsolopizza.com,1
,1,0,0,1,1,0,0,0,0,0,3,0,0,0,22,0,0,2,11,8,21,https://vostwohncrim.ml/?d7EW,1
,1,1,0,0,1,1,0,1,0,0,4,3,0,39,9,0,0,1,0,8,17,https://infoefocusiric.github.io/portfolio/mik_webm.html,1
,1,0,0,1,1,0,0,0,0,0,3,0,0,0,22,0,0,2,11,8,21,https://mingovplppxj.ceirolered.ml,1
,1,0,0,1,1,0,0,0,0,0,3,0,0,0,22,0,0,2,11,8,21,https://mingovplvlgo.olunimkallero.ml/,1
,1,0,0,1,1,0,0,0,0,0,3,0,0,0,22,0,0,2,11,8,21,https://mingovpllciu.spiroxbar.ml,1
,1,0,0,1,1,0,0,0,0,0,3,0,0,0,22,0,0,2,11,8,21,https://mingovplofjh.listitacepttenspe.ml/,1
,1,0,0,1,1,0,0,0,0,0,3,0,0,0,22,0,0,2,11,8,21,https://mingovpljlie.mutitexpfalechoo.ml/,1
,1,0,0,1,1,0,0,0,0,0,3,0,0,0,22,0,0,2,11,8,21,https://mingovplqswb.knownolotancoa.ml/,1
,1,0,0,1,1,0,0,0,0,0,3,0,0,0,22,0,0,2,11,8,21,https://mingovplqobr.okarak.ml,1
,1,0,0,1,1,0,0,0,0,0,3,0,0,0,22,0,0,2,11,8,21,https://mingovpljmuw.ketpdertantclud.ml/,1
,1,0,0,1,1,0,0,0,0,0,3,0,0,0,22,0,0,2,11,8,21,https://mingovplberw.rassnonsdeconsiewhor.ml,1
,1,0,0,1,1,0,0,0,0,0,3,0,0,0,22,0,0,2,11,8,21,https://mingovpltkud.tuimeptaderpoltgin.ml/,1
,0,0,0,0,1,0,0,0,0,0,0,0,0,0,4,0,1,3,3,7,51,http://tinyurl.com/areaprivatabper,1
,1,0,0,1,1,0,0,0,0,0,3,0,0,0,22,0,0,2,11,8,21,https://mingovpljfcm.swathsorsi.ml/,1
,0,0,0,0,1,0,0,0,0,0,0,0,0,0,0,0,0,2,4,1,21,http://is.gd/FDyWlg,1
,1,1,0,0,1,0,1,1,0,0,8,1,0,0,33,0,0,40,3,52,47,https://svetlanahairbeauty.com/,1
,0,0,0,0,1,0,0,0,0,0,0,0,0,0,0,0,0,2,4,1,21,https://is.gd/UUfaat,1
,1,0,0,1,1,0,0,0,0,0,3,0,0,0,22,0,0,2,11,8,21,https://mingovplwchc.toughsitehalan.ml/,1
,1,1,0,0,1,0,1,1,0,0,19,15,0,0,36,0,0,6,6,6,12,https://hrm.ueh.edu.vn/UPS/1ZH555685605587175520/en/indexbill.php?info=Global&amp;,1
,1,0,0,0,1,0,0,1,0,0,2,0,0,0,0,0,0,2,2,3,49,http://moowasalat.com,1
,0,0,0,0,1,0,0,0,0,0,0,0,0,0,0,0,0,99,0,3,29,https://m.asxcrycoin.com//#/,1
,0,0,0,0,0,0,0,0,0,0,0,0,0,0,0,0,0,0,0,1,0,https://pocaz15.docspider.com.br/,1
,1,1,0,0,1,1,0,1,0,0,12,9,0,54,0,0,0,5,0,6,23,https://acesso-com-umclique.com/luiza/home.php?userid=13&amp;uri=vpkmcdtwg70lkgghvqpk1rlu7n1ng/flg7fdfewxslk=,1
,1,1,0,0,1,1,0,1,0,0,12,9,0,54,0,0,0,5,0,6,23,https://acesso-com-umclique.com/luiza/home.php?userID=&uri=54E2APEXqG5PdLt/AzKP8ozMu73xG/CybOSomcTRzNo=,1
,1,1,0,0,1,1,0,1,0,0,12,9,0,54,0,0,0,5,0,6,23,https://xn--acesso-com-segurana2023-fbc.com/luiza/home.php?userid=13&amp;uri=mhu5ipchpiks7afcx/zoqnfhwipxdhj4o5ixx14j3k0=,1
,1,1,0,0,1,1,0,1,0,0,12,9,0,54,0,0,0,5,0,6,23,https://xn--acesso-com-segurana2023-fbc.com/luiza/home.php?userID=&uri=u3Z8nvuWIKW/tx/ZMj+Zfp7z8JDc8q7XkzAn1xC4yrk=,1
,0,0,0,0,0,0,0,0,0,0,0,0,0,0,0,7,3,0,0,0,10,https://popcart.io/,1
,1,1,0,0,1,0,0,0,0,0,1,5,0,0,11,0,0,5,11,12,7,https://holders.sellpass.io/products/FRONTIER-AIRLINES-K--K,1
,1,1,0,0,1,0,0,0,0,0,1,2,0,0,43,0,0,1,23,3,33,https://luizamagazineluiza.com/,1
,0,0,0,0,1,0,0,0,0,0,0,0,0,0,0,0,0,6,0,1,25,https://pageapplsitem381112.start.page/,1
,0,1,0,0,1,0,0,0,0,0,0,3,0,0,7,0,0,4,0,5,21,http://axiainfinty.com,1
,1,1,0,0,1,0,0,0,0,0,3,1,0,0,0,0,0,9,2,6,3,https://maill.godaddysites.com/sbc,1
,0,0,0,0,0,0,0,0,0,0,0,0,0,0,0,0,0,0,0,14,19,http://pancakerecepies.com,1
,0,0,0,0,0,0,0,0,0,0,0,0,0,0,0,0,0,0,0,1,0,https://cs--33129-view-mail-ups.firebaseapp.com/,1
,0,0,0,0,0,0,0,0,0,0,0,0,0,0,0,0,0,0,0,1,0,https://cs--33129-view-mail-ups.web.app/,1
,0,0,0,0,0,0,0,0,0,0,0,0,0,0,0,0,0,0,0,1,0,https://doc-0sign.firebaseapp.com/,1
,0,0,0,0,0,0,0,0,0,0,0,0,0,0,0,0,0,0,0,1,0,https://doc-0sign.web.app/,1
,0,0,0,0,1,0,0,0,0,0,0,0,0,0,0,0,0,5,0,1,28,https://fbcom-caseid09123783.firebaseapp.com/,1
,0,0,0,0,1,0,0,0,0,0,0,0,0,0,0,0,0,5,0,1,28,https://fbcom-caseid09123783.web.app/,1
,0,0,0,0,0,0,0,0,0,0,0,0,0,0,0,0,0,0,0,2,12,https://file-share-drive-folder-location-view.firebaseapp.com/,1
,0,0,0,0,0,0,0,0,0,0,0,0,0,0,0,0,0,0,0,2,12,https://file-share-drive-folder-location-view.web.app/,1
,0,0,0,0,0,0,0,0,0,0,0,0,0,0,0,0,0,0,0,1,0,https://mt1serviceonline.firebaseapp.com/,1
,0,0,0,0,0,0,0,0,0,0,0,0,0,0,0,0,0,0,0,1,0,https://mt1serviceonline.web.app/,1
,0,0,0,0,0,0,0,0,0,0,0,0,0,0,0,0,0,0,0,1,16,https://nespoltems.firebaseapp.com/,1
,0,0,0,0,0,0,0,0,0,0,0,0,0,0,0,0,0,0,0,1,16,https://nespoltems.web.app/,1
,0,0,0,0,0,0,0,0,0,0,0,0,0,0,0,0,0,0,0,1,16,https://nureliken.firebaseapp.com/,1
,0,0,0,0,0,0,0,0,0,0,0,0,0,0,0,0,0,0,0,1,16,https://nureliken.web.app/,1
,0,0,0,0,0,0,0,0,0,0,0,0,0,0,0,0,0,0,0,1,16,https://zimbanilnowe.firebaseapp.com/,1
,0,0,0,0,0,0,0,0,0,0,0,0,0,0,0,0,0,0,0,1,16,https://zimbanilnowe.web.app/,1
,0,0,0,0,0,0,0,0,0,0,0,0,0,0,0,0,0,0,0,0,29,https://fb.help-metabusinessappealrequest.com/,1
,0,0,0,0,0,0,0,0,0,0,0,0,0,0,0,0,0,0,0,0,0,https://bankreserva.repl.co/,1
,0,0,0,0,1,0,0,0,0,0,0,0,0,0,4,0,1,3,3,7,51,https://tinyurl.com/mp4y4z6f,1
,0,0,0,0,1,0,0,0,0,0,0,0,0,0,0,0,0,18,0,17,10,https://tribelio.page/asdgasdgas,1
,0,0,0,0,0,0,0,0,0,0,0,0,0,0,0,0,0,0,0,2,0,http://ndak9569658796846.rf.gd/?i=1,1
,0,0,0,0,0,0,0,0,0,0,0,0,0,0,0,0,0,0,0,2,0,http://ndak9569658796846.rf.gd/,1
,1,1,0,0,1,0,0,0,0,0,3,1,0,0,0,0,0,14,1,5,12,https://ymailusers60.godaddysites.com/,1
,1,1,0,0,1,0,0,0,0,0,4,1,0,0,0,0,0,14,3,6,10,https://yahmail3.godaddysites.com/yahoo-mail,1
,1,1,0,0,1,1,1,0,0,0,2,1,0,0,0,0,0,1,1,8,20,https://yondalog.pages.dev/,1
,1,1,0,0,1,0,0,0,0,0,3,1,0,0,0,0,0,9,3,5,28,https://update-bellsouth-verificaton.godaddysites.com/,1
,1,0,0,1,1,1,1,0,0,0,3,0,0,0,0,0,0,1,0,4,37,https://storageapi-new.fleek.co/04fa1803-dae9-4952-bc9d-0a184da4fbdf-bucket/ind.html,1
,1,1,0,0,1,1,1,0,0,0,2,3,0,0,0,0,0,3,2,8,18,https://storageapi-new.fleek.co/d8def733-7701-4dd1-8a69-fc4d423410a3-bucket/adobe2.html,1
,1,1,0,0,1,0,0,0,0,0,3,1,0,0,0,0,0,9,1,5,42,https://sbcglobalemailverificationadmi396.godaddysites.com/,1
,0,0,0,0,0,0,0,0,0,0,0,0,0,0,0,0,0,0,0,0,0,https://bafybeifzzxy3fghzp37g7tm32ouchd55vdpcr4jiclifdc2o5yxk2hv5de.ipfs.w3s.link/alishanawza_owa33773.html,1
,0,0,0,0,0,0,0,0,0,0,0,0,0,0,0,0,0,0,0,0,0,https://bafybeiaxzarpt5sln32gwvolattnrosfd2e67hbgqlv6upghqccl5yj7k4.ipfs.w3s.link/com920.html,1
,1,1,0,0,1,1,1,1,0,0,7,1,0,0,0,0,0,5,4,13,9,https://storageapi-new.fleek.co/9d9d628f-c40c-4447-bda8-bf5bda3e6036-bucket/ind.html,1
,0,0,0,0,0,0,0,0,0,0,0,0,0,0,0,0,0,0,0,1,0,https://3rterg.1fgtaaxs9y.workers.dev/,1
,1,1,0,0,1,1,1,0,0,0,2,2,0,0,0,0,0,2,3,8,17,https://eu2.contabostorage.com/d86001b4511846f3868b1e174fb7dc89:balance/index.html,1
,0,0,0,0,0,0,0,0,0,0,0,0,0,0,0,0,0,0,0,1,0,https://next-pail.surge.sh/,1
,0,0,0,0,1,0,0,0,0,0,0,0,0,0,0,0,0,18,0,0,37,https://xhfjgg.boxmode.io/,1
,0,0,0,0,1,0,0,0,0,0,0,0,0,0,0,0,0,18,0,0,37,https://updatemailbox07.boxmode.io/,1
,0,0,0,0,1,0,0,0,0,0,0,0,0,0,0,0,0,18,0,0,37,https://mailupdatebellsouth.boxmode.io/,1
,0,0,0,0,1,0,0,0,0,0,0,0,0,0,0,0,0,14,0,5,79,https://coenbasepr-solgen.godaddysites.com/,1
,0,0,0,0,1,0,0,0,0,0,0,0,0,0,0,0,0,14,0,5,79,https://coenbase-prsolgen.godaddysites.com/,1
,0,0,0,0,1,0,0,0,0,0,0,0,0,0,0,0,0,18,0,0,37,https://aattttmail.boxmode.io/,1
,0,0,0,0,0,0,0,0,0,0,0,0,0,0,0,0,0,0,0,1,0,https://opposites.imgix.net/page/snowsh.html,1
,0,0,0,0,1,0,0,0,0,0,0,0,0,0,0,0,0,6,0,1,10,https://aproveder.start.page/,1
,0,0,0,0,1,0,0,0,0,0,0,0,0,0,0,0,0,6,0,1,10,https://confrimyouraccoun.start.page/,1
,0,0,0,0,0,0,0,0,0,0,0,0,0,0,0,0,0,0,0,0,0,https://bamreservaon.netlify.app/,1
,0,0,0,0,0,0,0,0,0,0,0,0,0,0,0,0,0,0,0,1,0,https://oficinavirtual-bancoomeva-a.b-cdn.net/,1
,0,0,0,0,1,0,0,0,0,0,0,0,0,0,0,0,0,6,0,1,12,https://secure-meta-business.start.page/,1
,0,0,0,0,0,0,0,0,0,0,0,0,0,0,0,0,0,0,1,0,55,https://promociones.web1peru.com/,1
,0,0,0,0,1,0,0,0,0,0,0,0,0,0,0,0,0,6,0,1,25,https://business-restrict-help.start.page/,1
,1,1,0,0,1,0,0,0,0,0,1,5,0,0,11,0,0,5,11,12,7,https://holders.sellpass.io/products/FRONTIER-AIRLINES-K--K-POINTS,1
,1,1,0,0,1,0,0,0,0,0,1,2,0,0,0,0,0,4,4,10,14,https://www.consulteviasonline.com/,1
,0,0,0,0,0,0,0,0,0,0,0,0,0,0,0,0,0,0,0,0,0,https://bienvenidoaweb.repl.co/,1
,0,0,0,0,1,0,0,0,0,0,0,0,0,0,0,0,0,1,0,5,0,http://enrollmolinahealthcare.com,1
,0,0,0,0,1,0,0,0,0,0,0,0,0,0,0,0,0,1,0,0,17,https://shywell.com/vystarcureviewrecentdepositvystar/,1
,1,0,0,1,1,0,0,0,0,0,3,0,0,0,22,0,0,2,11,8,21,https://dhl-de1810.listitacepttenspe.ml/?tranzakt59219,1
,1,0,0,1,1,0,0,0,0,0,3,0,0,0,22,0,0,2,11,8,21,https://dpdplmbvm.ketpdertantclud.ml/?tranzakt59219,1
,1,0,0,1,1,0,0,0,0,0,3,0,0,0,22,0,0,2,11,8,21,https://dpdpldghz.mutitexpfalechoo.ml/?tranzakt59219,1
,1,0,0,1,1,0,0,0,0,0,3,0,0,0,22,0,0,2,11,8,21,https://dhlukunzq.mutitexpfalechoo.ml/?tranzakt59219,1
,1,0,0,1,1,0,0,0,0,0,3,0,0,0,22,0,0,2,11,8,21,https://dhl-de4475.mutitexpfalechoo.ml/?tranzakt59219,1
,1,0,0,1,1,0,0,0,0,0,3,0,0,0,22,0,0,2,11,8,21,https://dpdpllewj.tuimeptaderpoltgin.ml/?tranzakt59219,1
,1,0,0,1,1,0,0,0,0,0,3,0,0,0,22,0,0,2,11,8,21,https://dhluksiph.okarak.ml/?tranzakt59219,1
,1,0,0,1,1,0,0,0,0,0,3,0,0,0,22,0,0,2,11,8,21,https://dhl-de9144.okarak.ml/?tranzakt59219,1
,1,0,0,1,1,0,0,0,0,0,3,0,0,0,22,0,0,2,11,8,21,https://dhl-de9905.inraconla.ml/?tranzakt59219,1
,1,0,0,1,1,0,0,0,0,0,3,0,0,0,22,0,0,2,11,8,21,https://dpdplpjmp.grifdyedracemdsipeas.ml/?tranzakt59219,1
,1,0,0,1,1,0,0,0,0,0,3,0,0,0,22,0,0,2,11,8,21,https://dhl-de6061.grifdyedracemdsipeas.ml/?tranzakt59219,1
,1,0,0,1,1,0,0,0,0,0,3,0,0,0,22,0,0,2,11,8,21,https://dhl-de2845.ramkcompy.ml/?tranzakt59219,1
,1,0,0,1,1,0,0,0,0,0,3,0,0,0,22,0,0,2,11,8,21,https://mingovplnjpo.reacibill.ml,1
,1,0,0,1,1,0,0,0,0,0,3,0,0,0,22,0,0,2,11,8,21,https://bazeosyiwi.postmanro.cf,1
,1,0,0,1,1,0,0,0,0,0,3,0,0,0,22,0,0,2,11,8,21,https://dhl-de4964.sniferam.ml/?tranzakt59219,1
,1,0,0,1,1,0,0,0,0,0,3,0,0,0,22,0,0,2,11,8,21,https://dhl-de8179.dioturnpestsi.ml/?tranzakt59219,1
,1,0,0,1,1,0,0,0,0,0,3,0,0,0,22,0,0,2,11,8,21,https://dpdplqcrd.dioturnpestsi.ml/?tranzakt59219,1
,1,0,0,1,1,0,0,0,0,0,3,0,0,0,22,0,0,2,11,8,21,https://mingovplszji.feldmerab.ml/?tranzakt59219,1
,1,0,0,1,1,0,0,0,0,0,3,0,0,0,22,0,0,2,11,8,21,https://mingovplkpkx.dioturnpestsi.ml/?tranzakt59219,1
,1,0,0,1,1,0,0,0,0,0,3,0,0,0,22,0,0,2,11,8,21,https://mingovplqaif.vostwohncrim.ml/?tranzakt59219,1
,1,0,0,1,1,0,0,0,0,0,3,0,0,0,22,0,0,2,11,8,21,https://mingovplobnw.tupixmoupo.ml/?tranzakt59291,1
,1,0,0,1,1,0,0,0,0,0,3,0,0,0,22,0,0,2,11,8,21,https://mingovplqobr.okarak.ml/?tranzakt59219,1
,1,0,0,1,1,0,0,0,0,0,3,0,0,0,22,0,0,2,11,8,21,https://mingovpllciu.spiroxbar.ml/?tranzakt59219,1
,1,0,0,1,1,0,0,0,0,0,3,0,0,0,22,0,0,2,11,8,21,https://mingovpljlie.mutitexpfalechoo.ml/?tranzakt59219,1
,1,0,0,1,1,0,0,0,0,0,3,0,0,0,22,0,0,2,11,8,21,https://mingovplvlgo.olunimkallero.ml/?tranzakt59219,1
,1,0,0,1,1,0,0,0,0,0,3,0,0,0,22,0,0,2,11,8,21,https://mingovpltkud.tuimeptaderpoltgin.ml/?tranzakt59219,1
,1,0,0,1,1,0,0,0,0,0,3,0,0,0,22,0,0,2,11,8,21,https://mingovplofjh.listitacepttenspe.ml/?tranzakt59219,1
,1,0,0,1,1,0,0,0,0,0,3,0,0,0,22,0,0,2,11,8,21,https://mingovplppxj.ceirolered.ml/?tranzakt59219,1
,1,0,0,1,1,0,0,0,0,0,3,0,0,0,22,0,0,2,11,8,21,https://mingovpljmuw.ketpdertantclud.ml/?tranzakt59219,1
,1,0,0,1,1,0,0,0,0,0,3,0,0,0,22,0,0,2,11,8,21,https://mingovplberw.rassnonsdeconsiewhor.ml/?tranzakt59219,1
,1,0,0,1,1,0,0,0,0,0,3,0,0,0,22,0,0,2,11,8,21,https://mingovplqswb.knownolotancoa.ml/?tranzakt59219,1
,1,0,0,1,1,0,0,0,0,0,3,0,0,0,22,0,0,2,11,8,21,https://mingovplwchc.toughsitehalan.ml/?tranzakt59219,1
,1,0,0,1,1,0,0,0,0,0,3,0,0,0,22,0,0,2,11,8,21,https://mingovpljfcm.swathsorsi.ml/?tranzakt59219,1
,1,1,0,1,1,1,0,1,0,0,9,13,0,0,17,0,0,5,1,16,35,http://campusvirtual.mdc.org.co/,1
,0,0,0,0,0,0,0,0,0,0,0,0,0,0,0,0,0,0,3,2,13,http://bit.do/id-IBper,1
,1,0,0,1,1,1,0,1,0,0,10,0,0,0,8,0,21,3,1,12,12,https://tsai.com.au/mass.org/,1
,1,0,0,0,1,0,0,1,0,0,2,0,0,0,0,0,0,2,0,4,12,https://x5gveh.webwave.dev/,1
,0,0,0,0,1,0,0,0,0,0,0,0,0,0,0,0,0,2,4,1,21,http://is.gd/Qs0j2x,1
,1,0,0,1,1,0,0,0,0,0,3,0,0,0,22,0,0,2,11,8,21,http://olnlxiwcu.gytari.ml/?tranzakt59146&selectedbank=2,1
,1,0,0,1,1,0,0,0,0,0,3,0,0,0,22,0,0,2,11,8,21,https://olnlxiwcu.gytari.ml/?tranzakt59146&selectedbank=2,1
,1,0,0,1,1,0,0,0,0,0,3,0,0,0,22,0,0,2,11,8,21,https://vjrndettxij.vostwohncrim.ml/?tranzakt59146&selectedbank=2,1
,1,0,0,1,1,0,0,0,0,0,3,0,0,0,22,0,0,2,11,8,21,http://vjrndettxij.vostwohncrim.ml/?tranzakt59146&selectedbank=2,1
,1,0,0,1,1,0,0,0,0,0,3,0,0,0,22,0,0,2,11,8,21,https://olnlxurqs.dioturnpestsi.ml/?tranzakt59146&selectedbank=2,1
,1,0,0,1,1,0,0,0,0,0,3,0,0,0,22,0,0,2,11,8,21,http://olnlxurqs.dioturnpestsi.ml/?tranzakt59146&selectedbank=2,1
,1,0,0,1,1,0,0,0,0,0,3,0,0,0,22,0,0,2,11,8,21,http://alliegrolokcksn.knownolotancoa.ml/?tranzakt59146&selectedbank=2,1
,1,0,0,1,1,0,0,0,0,0,3,0,0,0,22,0,0,2,11,8,21,https://alliegrolokcksn.knownolotancoa.ml/?tranzakt59146&selectedbank=2,1
,1,0,0,1,1,0,0,0,0,0,3,0,0,0,22,0,0,2,11,8,21,https://olnlxggxi.granorbotrola.ml/?tranzakt59146&selectedbank=2,1
,1,0,0,1,1,0,0,0,0,0,3,0,0,0,22,0,0,2,11,8,21,http://olnlxggxi.granorbotrola.ml/?tranzakt59146&selectedbank=2,1
,1,0,0,1,1,0,0,0,0,0,3,0,0,0,22,0,0,2,11,8,21,https://olnlxpaox.toughsitehalan.ml/?tranzakt59146&selectedbank=2,1
,1,1,0,0,1,1,0,1,0,0,8,2,0,0,4,0,0,5,11,12,62,http://www.48519283-86de-4ef6-9db2-7be27af47c73.htmlcomponentservice.com/get_draft?id=485192_b5206d74a218c8bbdd9f624b54347fca.html,1
,1,1,0,0,1,0,0,0,0,0,1,91,0,0,281,0,0,11,80,5,68,https://espacesfr.sysecurpas.co/Secure/ef3c55ff1e7d0ce14531bb8ab1c45acb/,1
,1,1,0,0,1,1,0,1,0,0,8,2,0,0,4,0,0,5,11,12,62,http://sfrgerardestmonami.com/ns/xxxx-SFRwebcli/ologin.php,1
,1,1,0,0,1,1,0,1,0,0,8,2,0,0,4,0,0,5,11,12,62,https://www.sfrgerardestmonami.com/ns/xxxx-SFRwebcli/ologin.php,1
,1,1,0,0,1,0,0,1,0,0,1,2,0,0,0,0,0,1,5,3,36,https://blacknativebeauty.com/MkQ3VTh3MW8xTDdWOUI=,1
,1,1,0,0,1,0,1,1,0,0,12,1,0,0,12,0,0,8,32,20,0,https://www-realizesolucoesfinanceiras-com-br-4.rds.land/fatura-renner-hoje?gclid=EAIaIQobChMI-oa0xOyd_AIVDvrICh0z3QabEAAYASAAEgJw2fD_BwE,1
,0,0,0,0,1,0,0,0,0,0,0,0,0,0,0,0,0,2,4,1,21,https://is.gd/MRI7Vt,1
,0,0,0,0,1,0,0,0,0,0,0,0,0,0,5,0,0,1,5,0,59,http://bit.ly/3X5Ckvh,1
,1,1,0,0,1,0,0,1,0,0,1,2,0,0,0,0,0,1,5,3,36,https://carousell-money.com/posb/1119281,1
,0,0,0,0,1,0,0,0,0,0,0,0,0,0,0,0,0,4,61,3,28,https://acesso-com-umclique.com/luiza/?userID=13&amp;uri=Mv5dP3DX+On7Ippbeb/Ic7VMbwwPHwgeVncPChr/jcM=,1
,0,0,0,0,1,0,0,0,0,0,0,0,0,0,0,0,0,4,61,3,28,https://xn--acesso-com-segurana2023-fbc.com/luiza/?userID=13&amp;uri=PQI0NxJzHockVn1/URANu2SbeRDvRosZNEmjfJAdhlU=,1
,0,0,0,0,1,0,0,0,0,0,0,0,0,0,0,0,0,4,61,3,28,https://xn--acesso-com-segurana2023-fbc.com/luiza/?userID=13&amp;uri=mQhkbyFJZzB4jwLWxLfvOhgtFG7FeG2nXYcg8UL8JdA=,1
,1,1,1,0,1,0,0,0,0,0,1,7,0,40,0,0,0,8,0,7,76,https://protocolozerobarriga.life/,1
,0,0,0,0,1,0,0,0,0,0,0,0,0,0,0,0,0,6,1,4,38,https://sparkasse.safetycheck22.com.de/,1
,0,0,0,0,0,0,0,0,0,0,0,0,0,0,0,0,0,0,0,0,0,https://sparkasse.spk-psd.com.de/,1
,0,0,0,0,1,0,0,0,0,0,0,0,0,0,0,0,0,6,1,4,38,https://sparkasse.online-psd.com.de/,1
,0,0,0,0,0,0,0,0,0,0,0,0,0,0,0,0,0,0,0,0,0,https://sparkasse.22-check.com.de/,1
,0,0,0,0,0,0,0,0,0,0,0,0,0,0,0,0,0,0,0,0,0,https://sparkasse.check-22.com.de/,1
,1,1,0,0,1,0,1,0,0,0,6,3,0,0,111,0,0,11,4,30,43,http://banestes.org/,1
,0,0,0,0,1,0,0,0,0,0,0,0,0,0,4,0,1,3,3,7,51,https://tinyurl.com/yetcu74p,1
,0,0,0,0,1,0,0,0,0,0,0,0,0,0,0,0,0,1,0,0,17,https://sufisofindia.com/final.html,1
,0,0,0,0,1,0,0,0,0,0,0,0,0,0,0,0,0,1,0,0,17,https://sufisofindia.com/verifica-otp2.html,1
,0,0,0,0,1,0,0,0,0,0,0,0,0,0,0,0,0,1,0,0,17,https://sufisofindia.com/verifica-otp.html,1
,0,0,0,0,1,0,0,0,0,0,0,0,0,0,0,0,0,2,4,1,21,https://is.gd/VerificaBancaDiAsti,1
,0,0,0,0,1,0,0,0,0,0,0,0,0,0,0,0,0,1,0,0,17,https://sufisofindia.com/,1
,1,1,0,0,1,0,1,1,0,0,5,50,0,0,47,0,0,24,33,6,38,https://opensea.io.pfv.com.co/,1
,0,0,0,0,1,0,0,0,0,0,0,0,0,0,0,0,0,6,2,5,16,http://metamaskey.com/about.html,1
,0,0,0,0,1,0,0,0,0,0,0,0,0,0,0,0,0,1,0,0,17,http://demo2.cryptodev.finance,1
,0,0,0,0,1,0,0,0,0,0,0,0,0,0,0,0,0,1,2,0,26,http://pancakeeswap.finance/,1
,0,0,0,0,1,0,0,0,0,0,0,0,0,0,0,0,0,1,0,0,17,http://demo2.cryptodev.finance/,1
,1,1,0,0,0,1,1,1,0,0,7,1,0,83,3,0,0,0,4,6,22,https://docs.google.com/presentation/d/e/2PACX-1vQ-xy6E7RszaIiQTCVU3gLSJUt_foWAqeZ-mIxvfsvurf-ikv1Bd9AHGyXErFDkPJ7dLvcXihjWXotK/pub?start=false&loop=false&delayms=3000,1
,1,1,0,0,1,0,1,1,0,0,5,50,0,0,47,0,0,24,33,6,38,http://www.opensea.io.offer.abaservice.cl,1
,1,0,0,1,0,0,0,1,0,0,10,0,0,0,0,0,1,0,1,8,6,https://bitkub-th.app/wallet/?desktop==&ip=107.21.207.171&key=QomPFqEFQODjRFPmGVRtCodSAnEMITmAOFAWITsgGnEdfOSHLAZmAuZSmjmr,1
,1,1,0,0,1,0,1,1,0,0,5,50,0,0,47,0,0,24,33,6,38,http://www.opensea.io.offer.abaservice.cl/,1
,1,1,0,0,1,0,1,0,0,0,2,47,0,0,47,0,0,24,29,13,38,http://opensea.io.offer.blindarch.cl/,1
,1,1,0,0,1,0,1,1,0,0,5,50,0,0,47,0,0,24,33,6,38,http://opensea.io.impsis.cl,1
,1,1,0,0,1,0,0,0,0,0,12,1,0,0,0,0,0,8,2,19,55,https://metamask.line.pm/secure.html,1
,1,1,0,0,1,0,1,1,0,0,5,50,0,0,47,0,0,24,33,6,38,http://opensea.io.pfv.com.co,1
,0,1,0,0,1,0,0,0,0,0,0,2,0,0,9,0,0,9,14,3,37,https://gonline-online.hayfeverpedia.com/,1
,0,1,0,0,1,0,0,0,0,0,0,2,0,0,0,0,0,4,2,10,7,http://edo2022.in,1
,1,0,0,1,0,0,0,1,0,0,10,0,0,0,0,0,1,0,1,8,6,https://lihi2.cc/HckrA,1
,1,0,0,1,0,0,0,1,0,0,10,0,0,0,0,0,1,0,1,8,6,https://iatad.autos/695fMoO,1
,0,1,0,0,0,0,0,0,0,0,0,2,0,0,0,0,0,0,6,9,33,https://lidofinance.network/,1
,0,0,0,0,0,0,0,0,0,0,0,0,0,0,0,0,0,0,0,0,8,https://w9s.65d.myftpupload.com/kelsaprank.html,1
,0,0,0,0,0,0,0,0,0,0,0,0,0,0,0,0,0,0,1,0,55,http://pichinchaweb.com/,1
,0,0,0,0,0,0,0,0,0,0,0,0,0,0,0,0,0,0,0,1,0,https://rakunten-jp-cid.xyz/,1
,1,1,0,0,1,0,1,1,0,0,12,1,0,0,12,0,0,8,32,20,0,https://www-realizesolucoesfinanceiras-com-br-4.rds.land/fatura-renner-hoje?gclid=EAIaIQobChMIv_XdnL2d_AIVibbICh1_7gOSEAAYASAAEgJWDPD_BwE,1
,0,0,0,0,1,0,0,0,0,0,0,0,0,0,0,0,0,4,0,4,15,https://checkbalance.com.co/#/,1
,1,1,0,0,1,0,0,0,0,0,2,2,0,0,54,0,0,4,127,15,11,http://tokens-ens.com,1
,0,1,0,0,0,0,0,0,0,0,0,1,0,0,0,0,0,0,0,1,0,https://harmless-brass.flywheelsites.com/wp-content/plugins/google-analytics-for-wordpress/1/1/captcha/,1
,0,1,0,0,0,0,0,0,0,0,0,1,0,0,0,0,0,0,0,1,0,https://harmless-brass.flywheelsites.com/wp-content/plugins/google-analytics-for-wordpress/1/1/captcha/captcha.php,1
,0,0,0,0,1,0,0,0,0,0,0,0,0,0,4,0,1,3,3,7,51,https://tinyurl.com/frt3xft2,1
,0,0,0,0,0,0,0,0,0,0,0,0,0,0,0,0,0,0,0,2,0,http://969695665453012023.rf.gd/,1
,0,0,0,0,1,0,0,0,0,0,0,0,0,0,0,0,0,1,0,0,17,https://packageforward.net/lmcu/Login,1
,0,0,0,0,1,0,0,0,0,0,0,0,0,0,0,0,0,1,0,0,17,https://packageforward.net/lmcu/Login/,1
,1,0,0,1,1,0,0,0,0,0,3,0,0,0,22,0,0,2,11,8,21,https://alliegrolokcksn.knownolotancoa.ml/?tranzakt58903,1
,0,0,0,0,1,0,0,0,0,0,0,0,0,0,0,0,0,2,0,3,7,https://pay.abcpay.vip/#/,1
,0,0,0,0,1,0,0,0,0,0,0,0,0,0,0,0,0,2,0,3,7,https://pay.abcpay.vip/#/pages/pay/index?money=8000.00&amp;orderid=SY2212281609358128&amp;partnerid=70002&amp;channel=140&amp;paytype=141,1
,1,1,0,0,1,0,1,1,0,0,11,20,0,0,7,0,0,3,10,6,12,https://sushi.svvaq.com/,1
,0,0,0,0,1,0,0,0,0,0,0,0,0,0,0,0,0,7,0,3,17,https://app-unsiwap.com/,1
,0,0,0,0,0,0,0,0,0,0,0,0,0,0,0,0,0,0,0,0,0,https://ww2-vjass.qwfhtyjpns.com/index.jsp,1
,0,0,0,0,1,0,0,0,0,0,0,0,0,0,0,0,0,1,0,2,17,https://beta-track.web.app/,1
,0,0,0,0,1,0,0,0,0,0,0,0,0,0,0,0,0,1,0,2,17,https://beta-track.firebaseapp.com/,1
,0,0,0,0,0,0,0,0,0,0,0,0,0,0,0,0,0,0,0,0,0,https://track-id3998.web.app/,1
,0,0,0,0,0,0,0,0,0,0,0,0,0,0,0,0,0,0,0,0,0,https://track-id3998.firebaseapp.com/,1
,1,0,0,0,1,1,0,1,0,0,6,0,0,5,0,0,6,2,0,9,25,https://topdonafrica.co.za/fancybox/fancybox/truvista-2022/index.html,1
,1,1,0,0,1,0,0,1,0,0,1,2,0,0,0,0,0,1,3,3,36,https://bafybeidlb5ejiem7hie723et6gbwymkmudtpmzlh7c5v2wntin4h352dyq.ipfs.w3s.link/,1
,1,1,0,1,1,0,0,1,0,0,28,2,0,87,137,0,0,19,22,22,34,https://ustracking.servehalflife.com/,1
,1,1,0,1,1,0,0,1,0,0,28,2,0,87,137,0,0,19,22,22,34,https://uspitracking855220.servecounterstrike.com/,1
,1,1,0,1,1,0,1,1,0,0,30,6,0,65,169,0,0,18,80,14,34,https://uiopis.biufs.top/moblie/client/login.html,1
,1,1,0,1,1,0,0,1,0,0,28,2,0,87,137,0,0,19,22,22,34,https://trackupdate.serveirc.com/,1
,1,1,0,1,1,0,1,1,0,0,27,2,0,182,133,0,0,12,21,19,34,https://my.delivery-package.q12y.live/,1
,0,0,0,0,0,0,0,0,0,0,0,0,0,0,0,0,0,0,0,1,0,https://ttsi-dot-exceldownloads.uk.r.appspot.com/,1
,1,1,0,0,1,1,0,1,0,0,14,3,0,0,9,0,0,2,0,1,52,https://www.bei-galfes.com/wp-content/plugins/awjuegy/includes/wellsfargo.com.asp.aws/wells/pafe_a.php,1
,0,0,0,0,1,0,0,0,0,0,0,0,0,0,0,0,0,18,0,0,37,https://actionrequired.boxmode.io/,1
,0,0,0,0,1,0,0,0,0,0,0,0,0,0,0,0,0,18,0,0,37,https://att-mail5678.boxmode.io/,1
,0,0,0,0,1,0,0,0,0,0,0,0,0,0,0,0,0,18,0,0,37,https://upfatedsuppot.boxmode.io/,1
,0,0,0,0,1,0,0,0,0,0,0,0,0,0,0,0,0,18,0,0,37,https://updatesbctools.boxmode.io/,1
,1,1,0,0,1,1,0,1,0,0,6,2,0,0,70,0,0,37,33,50,14,https://mail.rossozecchino.com/MY/express-au/my-shopping-cart.php,1
,0,0,0,0,0,0,0,0,0,0,0,0,0,0,0,0,0,0,0,0,0,https://sitebuilder187574.dynadot.com/,1
,1,1,0,0,1,1,1,0,0,0,5,1,0,0,0,0,0,3,0,9,16,https://drewnex.info/media/jui/js/adobe/,1
,0,0,0,0,0,0,0,0,0,0,0,0,0,0,0,0,0,0,0,0,0,https://bafybeife7ttpbiibbgt7txck7qdgng3hrbcqsalgsegawlhervyzmx57am.ipfs.w3s.link/BIZ-FILES.html,1
,0,0,0,0,0,0,0,0,0,0,0,0,0,0,0,0,0,0,0,0,0,https://securspend.org/,1
,0,0,0,0,0,0,0,0,0,0,0,0,0,0,0,0,0,0,0,0,0,https://banreservass-personass.netlify.app,1
,1,0,0,0,1,0,0,1,0,0,2,0,0,0,0,0,0,2,0,4,4,https://qcgnbk.webwave.dev/,1
,1,0,0,0,1,0,0,1,0,0,2,0,0,0,0,0,0,2,0,4,13,https://d94u21.webwave.dev/,1
,0,0,0,0,0,0,0,0,0,0,0,0,0,0,0,0,0,0,0,0,29,http://maxxbox.de/,1
,0,0,0,0,0,0,0,0,0,0,0,0,0,0,0,0,0,0,0,0,17,https://h1r1iotq.dreamwp.com/banking/manage/,1
,0,0,0,0,0,0,0,0,0,0,0,0,0,0,0,0,0,0,0,0,0,https://login.selfcheck-sparka.de,1
,0,0,0,0,0,0,0,0,0,0,0,0,0,0,0,7,3,0,0,0,10,http://is.gd/y9sLeQ,1
,1,0,0,0,1,0,0,1,0,0,7,0,0,0,0,0,0,8,15,4,15,http://site9610000.92.webydo.com/home-1.html,1
,1,0,0,0,1,0,0,1,0,0,7,0,0,0,0,0,0,8,15,4,15,https://link.uinsgd.ac.id/m0uk4,1
,0,0,0,0,0,0,0,0,0,0,0,0,0,0,0,0,0,0,3,2,13,http://bit.do/log-IBper,1
,0,0,0,0,1,0,0,0,0,0,0,0,0,0,5,0,0,1,3,0,59,https://bit.ly/bpDirect,1
,1,1,0,0,0,1,1,1,0,0,7,1,0,83,3,0,0,0,4,6,25,https://sites.google.com/view/doc-office-/home,1
,0,0,0,0,1,0,0,0,0,0,0,0,0,0,0,3,1,1,0,3,10,http://accessofindomestic.superiorcampingsociety.com/,1
,0,0,0,0,0,0,0,0,0,0,0,0,0,0,0,0,0,0,0,1,0,https://www.imaje.in/vystarcureviewauthorizedtransaction/,1
,0,0,0,0,0,0,0,0,0,0,0,0,0,0,0,0,0,0,0,0,8,https://www.paypey.jp.service-co.ccreoeresmaos.com,1
,0,0,0,0,1,0,0,0,0,0,0,0,0,0,0,0,0,2,4,1,21,http://is.gd/NCmX43,1
,0,0,0,0,1,0,0,0,0,0,0,0,0,0,4,0,1,3,3,7,51,http://tinyurl.com/portalebperit,1
,1,0,0,1,1,0,0,0,0,0,2,0,0,0,38,0,0,30,83,14,48,https://betasus.xyz,1
,1,1,0,0,1,0,0,0,0,0,1,2,0,0,21,0,0,15,23,8,43,https://ayanmovies.com/,1
,0,0,0,0,0,0,0,0,0,0,0,0,0,0,0,0,0,0,0,0,0,https://sitebuilder181031.dynadot.com/,1
,0,0,0,0,1,0,0,0,0,0,0,0,0,0,0,0,0,2,0,2,12,http://32redsport.info,1
,1,1,0,0,1,0,0,0,0,0,3,3,0,0,11,0,0,3,20,11,8,https://p3wa9q.com/9ODY.app,1
,0,0,0,0,1,0,0,0,0,0,0,0,0,0,4,0,1,3,3,7,51,https://tinyurl.com/2smypnby,1
,1,1,0,0,1,0,1,0,0,0,3,16,0,0,45,0,3,6,5,6,11,http://hopbridger.exchange,1
,0,0,0,0,1,0,0,0,0,0,0,0,0,0,0,0,0,6,1,10,17,http://metamaske.org.cn,1
,0,0,0,0,0,0,0,0,0,0,0,0,0,0,0,0,0,0,0,0,0,https://bafybeib3filshuf3lsb5un2emjtsgjnhcvr3fybtz4npzomwmkslnx7zji.ipfs.w3s.link/,1
,0,0,0,0,0,0,0,0,0,0,0,0,0,0,0,0,0,0,0,0,0,https://obaidani.lt.emlnk.com/Prod/link-tracker?notrack=1&amp;redirectUrl=aHR0cHMlM0ElMkYlMkZpbHNodWYzbHNiNXVuMmVtanRzZ2puaGN2cjNmeWJ0ejRucHpvbXdta3Nsbng3emppLWlwZnMtdzNzLWxpbmsudHJhbnNsYXRlLmdvb2clMkYlM0ZfeF90cl9ocCUzRGJhZnliZWliM2YlMjZfeF90cl9zbCUzRGF1dG8lMjZfeF90cl90bCUzRGVuJTI2X3hfdHJfaGwlM0Rlbi1VUyUyNl94X3RyX3B0byUzRHdhcHA=&amp;sig=AtyrmGdXFnwJ7sX3U3Lw7A544aEnPF6k4pQYC2jaB8QB&amp;iat=1671710161&amp;a=%7C%7C612433256%7C%7C&amp;account=obaidani%2Eactivehosted%2Ecom&amp;email=hrDAW%2F183X7xunUZUCx6XPlMy%2BOWWuyaZunZiCXh6gI%3D&amp;s=c7ffae626568a2ba1d0b1cfe9e48e5ad&amp;i=8A10A1A25#amazon-noc-contact@amazon.com,1
,1,1,0,0,1,0,0,1,0,0,43,7,0,29,14,4,6,2,31,6,8,https://app-evmos.excnenge.com/import.html,1
,1,1,0,0,1,1,0,1,0,0,8,2,0,0,4,0,0,5,11,12,62,https://sfrgerardestmonami.com/ns/xxxx-SFRwebcli/ologin.php,1
,0,0,0,0,1,0,0,0,0,0,0,0,0,11,3,0,0,6,6,8,51,http://nodomain.com,1
,0,0,0,0,0,0,0,0,0,0,0,0,0,0,0,0,0,0,0,0,12,http://official-myetherwallet.ml,1
,0,0,0,0,0,0,0,0,0,0,0,0,0,0,0,0,0,0,0,0,8,https://www.paypey.jp.service-co.ccreoeresmaos.com/,1
,0,0,0,0,1,0,0,0,0,0,0,0,0,0,4,0,1,3,3,7,51,http://tinyurl.com/2smypnby,1
,0,0,0,0,1,0,0,0,0,0,0,0,0,0,0,0,0,1,0,0,17,https://dolma.sa/snid.nme/mpne.php,1
,1,1,0,1,1,0,0,0,0,0,2,3,0,0,0,0,0,6,1,5,4,https://jackforeverjfr3.blogspot.com/,1
,1,1,0,0,1,1,0,0,0,0,3,1,0,0,0,0,0,17,1,2,0,https://mail.teikit.es/,1
,1,0,0,0,1,1,0,0,0,0,4,0,0,0,0,0,0,17,1,3,0,https://www.oncologiaclinicafpolis.com.br/r/,1
,0,0,0,0,0,0,0,0,0,0,0,0,0,0,0,0,0,0,0,1,67,https://pxlme.me/oiOm9_-0,1
,1,1,0,1,1,0,0,0,0,0,2,4,0,0,7,0,0,6,1,5,18,https://lojaabdiascyclo.blogspot.com/?gclid=EAIaIQobChMIh5mmvbGa_AIVxtzICh2rsgseEAAYASAAEgINZvD_BwE,1
,0,0,0,0,1,0,0,0,0,0,0,0,0,0,0,0,0,2,0,9,22,http://arenamon.info,1
,0,0,0,0,1,0,0,0,0,0,0,0,0,0,0,0,0,18,0,17,7,https://tribelio.page/stay-on,1
,0,0,0,0,0,0,0,0,0,0,0,0,0,0,0,0,0,0,0,1,0,https://bancdebogot.webcindario.com,1
,0,0,0,0,1,0,0,0,0,0,0,0,0,0,0,0,0,7,0,2,0,http://maxusdtdefi.cc,1
,0,0,0,0,0,0,0,0,0,0,0,0,0,0,0,0,0,0,0,1,0,http://metamask888.com,1
,0,0,0,0,0,0,0,0,0,0,0,0,0,0,0,0,0,0,0,1,0,http://wwwethereum.org,1
,1,1,0,0,1,0,0,1,0,0,3,20,0,0,22,0,0,7,45,20,11,http://ethereumhub33.com,1
,0,0,0,0,1,0,0,0,0,0,0,0,0,0,0,0,0,4,0,3,20,https://www.nodeappradar.com/wallets,1
,1,0,0,0,1,0,0,1,0,0,2,0,0,0,0,0,0,2,0,4,8,https://w3025v.webwave.dev/,1
,0,0,0,0,0,0,0,0,0,0,0,0,0,0,3,0,0,0,2,0,16,https://v.ht/LgJSN?verifed-pages003,1
,1,0,0,0,1,0,0,1,0,0,2,0,0,0,0,0,0,2,0,4,8,https://fyi9qb.webwave.dev/,1
,0,1,0,0,1,0,0,0,0,0,0,1,0,0,1,0,0,3,0,2,19,http://connect-collabland.org,1
,1,1,0,0,1,0,0,0,0,0,2,7,0,0,0,0,0,0,3,10,40,http://www.multichainbridge-xyz.com/,1
,1,0,0,0,1,0,0,1,0,0,2,0,0,0,0,0,0,2,0,4,11,https://c35e39.webwave.dev/,1
,1,0,0,0,1,0,0,1,0,0,2,0,0,0,0,0,0,39,0,5,0,https://bscscan68.com/#/,1
,0,0,0,0,0,0,0,0,0,0,0,0,0,0,0,0,0,0,0,0,0,https://page-verify79.web.app/,1
,0,0,0,0,0,0,0,0,0,0,0,0,0,0,0,0,0,0,0,0,0,https://page-verify79.firebaseapp.com/,1
,0,0,0,0,1,0,0,0,0,0,0,0,0,0,0,0,0,4,0,1,15,https://portala-notice.web.app/,1
,0,0,0,0,1,0,0,0,0,0,0,0,0,0,0,0,0,4,0,1,15,https://portala-notice.firebaseapp.com/,1
,1,1,0,0,1,1,0,0,0,0,5,3,0,0,8,0,0,3,7,10,24,https://portalsregistry.web.app/,1
,1,1,0,0,1,1,0,0,0,0,5,3,0,0,8,0,0,3,7,10,24,https://portalsregistry.firebaseapp.com/,1
,0,0,0,0,0,0,0,0,0,0,0,0,0,0,0,0,0,0,0,0,0,https://track-id8763.web.app/,1
,0,0,0,0,0,0,0,0,0,0,0,0,0,0,0,0,0,0,0,0,0,https://track-id8763.firebaseapp.com/,1
,1,1,0,0,1,0,0,0,0,0,4,1,0,0,0,0,0,14,3,6,10,https://yahmail7.godaddysites.com/yahoo-mail,1
,1,1,0,0,1,0,0,0,0,0,4,1,0,0,0,0,0,14,3,6,10,https://yahmail42.godaddysites.com/yahoo-mail,1
,1,1,0,0,1,0,0,1,0,0,8,3,0,0,254,3,3,23,7,53,57,https://curaenatura.com/7pScriptCore/log/2f119/,1
,1,1,0,0,1,0,1,1,0,0,6,7,0,0,53,0,0,52,6,49,17,https://cityloft.tn/de/de/,1
,0,0,0,0,0,0,0,0,0,0,0,0,0,0,0,0,0,0,0,0,0,https://caomega.com/sps/loge/,1
,0,0,0,0,0,0,0,0,0,0,0,0,0,0,0,0,0,0,0,0,0,https://sitebuilder186502.dynadot.com/,1
,0,0,0,0,0,0,0,0,0,0,0,0,0,0,0,0,0,0,0,0,0,https://sitebuilder185535.dynadot.com/,1
,0,0,0,0,0,0,0,0,0,0,0,0,0,0,0,0,0,0,0,0,0,https://sitebuilder185048.dynadot.com/,1
,0,0,0,0,0,0,0,0,0,0,0,0,0,0,0,0,0,0,0,6,0,http://fast-yoke.surge.sh/,1
,0,0,0,0,1,0,0,0,0,0,0,0,0,0,0,3,1,1,0,3,10,http://eagrostore.com/,1
,0,0,0,0,0,0,0,0,0,0,0,0,0,0,0,0,0,0,0,1,15,https://alifhotels.com/,1
,0,0,0,0,0,0,0,0,0,0,0,0,0,0,0,0,0,0,0,0,0,https://sitebuilder184902.dynadot.com/,1
,1,0,0,0,1,0,0,1,0,0,2,0,0,0,14,0,0,4,3,11,4,https://ya.mba/8A5,1
,0,0,0,0,0,0,0,0,0,0,0,0,0,0,0,0,0,0,0,0,0,https://sitebuilder187012.dynadot.com/,1
,0,0,0,0,1,0,0,0,0,0,0,0,0,0,0,0,0,2,0,12,6,https://activity.eventlink.to/1uyiY5W3B4iWkPIPx-CrsAUimqj,1
,0,0,0,0,0,0,0,0,0,0,0,0,0,0,0,0,0,0,0,0,0,https://sitebuilder186891.dynadot.com/,1
,0,0,0,0,1,0,0,0,0,0,0,0,0,0,5,0,0,1,3,0,59,http://bit.ly/bpauth24,1
,0,0,0,0,1,0,0,0,0,0,0,0,0,0,0,3,2,1,0,3,10,https://networkcoursemedia.com/,1
,0,0,0,0,1,0,0,0,0,0,0,0,0,0,0,3,2,1,0,3,10,http://is.gd/Hza057,1
,1,0,0,1,0,0,0,1,0,0,10,0,0,0,0,0,1,0,1,8,6,https://fb-businessportal.com/form/616114877,1
,1,0,0,1,0,0,0,1,0,0,10,0,0,0,0,0,1,0,1,8,6,https://fb-businessportal.com/form/4411416401,1
,1,1,0,1,1,0,0,1,0,0,3,1,0,0,59,0,0,25,77,15,42,http://www.pareos.fr/wp-content/themes/de/--/-/clients/dLxecX.php?verification#_,1
,1,1,0,0,1,0,0,1,0,0,1,2,0,0,0,0,0,1,3,3,36,https://mycarousell.shop/safedeal/9354253,1
,1,0,0,1,1,1,0,1,0,0,8,0,0,0,0,0,0,8,1,4,30,https://universidademarxista.pco.org.br/,1
,1,1,0,1,1,0,0,1,0,0,3,1,0,0,59,0,0,25,77,15,42,https://www.pareos.fr/wp-content/themes/de/--/-/clients/dLxecX.php?verification#_,1
,1,1,0,1,1,1,0,1,0,0,10,2,0,0,4,0,0,7,15,13,45,https://nomeremesere.monster/,1
,0,0,0,0,0,0,0,0,0,0,0,0,0,0,0,0,0,0,0,0,0,https://secure-verification-client.info/index.php,1
,1,1,0,0,1,1,0,1,0,0,8,2,0,0,4,0,0,5,11,12,62,https://jeveuxmourirdemain.com/ns/xxxx-SFRwebcli/ologin.php,1
,0,1,0,0,1,0,0,0,0,0,0,1,0,0,3,0,0,8,2,8,4,http://defiprotocol.support,1
,0,0,0,0,0,0,0,0,0,0,0,0,0,0,0,7,3,0,0,0,10,https://boomnews.es/,1
,0,0,0,0,1,0,0,0,0,0,0,0,0,0,0,0,0,2,4,1,21,http://is.gd/vtw6Xz,1
,0,0,0,0,1,0,0,0,0,0,0,0,0,0,0,0,0,6,0,15,16,https://s.id/verifica-GRUPPOBPER-CLIENTI,1
,0,0,0,0,0,0,0,0,0,0,0,0,0,0,0,0,0,0,0,14,21,http://gunider.gunidertoiclasses.com/,1
,1,1,0,0,1,0,0,0,0,0,4,1,0,0,0,0,0,14,3,6,10,http://yahmail42.godaddysites.com/,1
,1,0,0,1,1,0,0,0,0,0,3,0,0,0,22,0,0,2,11,8,21,https://alliegrolokjjmf.ramkcompy.ml/?tranzakt56964,1
,0,0,0,0,0,0,0,0,0,0,0,0,0,0,0,0,0,0,0,1,0,https://primebradesco-sac.info.gf/contato/html/?cliente=Zmx1cHBpQGdsb2JvbWFpbC5jb20=&amp;sid=&amp;nm=,1
,0,0,0,0,0,0,0,0,0,0,0,0,0,0,0,0,0,0,0,2,0,https://porsnom.xyz/pl/millenium/login/,1
,1,1,0,0,1,0,1,0,0,0,4,9,0,0,0,0,0,5,10,9,18,http://defichain-solutions.com,1
,0,0,0,0,1,0,0,0,0,0,0,0,0,0,0,0,0,1,0,0,17,http://taxproezonline.com,1
,0,0,0,0,1,0,0,0,0,0,0,0,0,0,0,0,0,5,42,5,40,http://wallet-polygon-technolodgy.us,1
,0,0,0,0,1,0,0,0,0,0,0,0,0,0,10,0,0,14,0,1,80,https://orion-ex.com/,1
,0,0,0,0,0,0,0,0,0,0,0,0,0,0,0,0,0,0,0,1,0,https://yourwaterfrontsolutions.com/govemment.canada/start.php?program=tax&amp;target=details,1
,1,0,0,0,1,1,0,0,0,0,4,0,0,0,0,0,0,17,1,3,0,https://www.oncologiaclinicafpolis.com.br/r/index.html,1
,0,0,0,0,0,0,0,0,0,0,0,0,0,0,0,0,0,0,0,0,0,https://icarusaerials.com/jp,1
,0,1,0,0,1,0,0,0,0,0,0,2,0,0,2,0,0,7,3,5,40,https://joyouspetrel.build067.wpsandbox.app/,1
,1,1,0,0,1,1,0,0,0,0,4,2,0,0,13,0,0,3,12,14,25,https://whiteroselaundries.co.uk/MyBalanceNow.html,1
,1,1,0,1,1,0,0,0,0,0,3,3,0,0,9,0,0,13,14,7,36,http://portfolio-metamask.xyz,1
,0,0,0,0,0,0,0,0,0,0,0,0,0,0,0,0,0,0,0,6,5,https://v.ht/PFUVH?Home-Facebook-Confirmation=,1
,0,0,0,0,0,0,0,0,0,0,0,0,0,0,0,0,0,0,0,6,5,https://v.ht/rlj2n?Home-Facebook-Confirmation=,1
,0,1,0,0,1,0,0,0,0,0,0,3,0,0,0,0,0,9,7,6,30,https://yaypegs-collection.netlify.app/,1
,0,1,0,0,1,0,0,0,0,0,0,3,0,0,0,0,0,9,7,6,27,https://yaypegsnft.netlify.app/,1
,1,1,0,0,1,0,0,0,0,0,3,38,0,0,17,0,0,7,25,3,36,https://opensea-app.de/,1
,0,1,0,0,1,0,0,0,0,0,0,3,0,0,32,0,2,19,7,3,56,https://airtpad.top/aave/?partner=756745674,1
,1,1,0,0,1,0,0,0,0,0,4,2,0,0,17,0,0,2,9,11,39,https://securespend.data-eventos.com.ar/Cwq8fTjavKCKmD6d.php,1
,0,0,0,0,0,0,0,0,0,0,0,0,0,0,0,0,0,0,0,2,0,http://orpeoap.ihostfull.com/,1
,0,0,0,0,0,0,0,0,0,0,0,0,0,0,0,0,0,0,0,0,0,https://track-id4952.web.app/,1
,0,0,0,0,0,0,0,0,0,0,0,0,0,0,0,0,0,0,0,0,0,https://track-id4952.firebaseapp.com/,1
,1,1,0,0,1,0,0,0,0,0,4,4,0,0,0,0,0,4,2,11,11,https://connectwallet-vault.firebaseapp.com/connect-wallet.html,1
,0,0,0,0,1,0,0,0,0,0,0,0,0,0,0,0,0,1,0,0,17,http://web3-fixtool-connect.live/,1
,0,0,0,0,0,0,0,0,0,0,0,0,0,0,0,0,0,0,0,0,0,https://sitebuilder186680.dynadot.com/,1
,0,0,0,0,0,0,0,0,0,0,0,0,0,0,0,0,0,0,0,0,0,https://sitebuilder187057.dynadot.com/,1
,0,0,0,0,0,0,0,0,0,0,0,0,0,0,0,0,0,0,0,0,0,https://sitebuilder186685.dynadot.com/,1
,1,1,0,0,1,0,0,0,0,0,4,4,0,0,0,0,0,4,2,11,11,https://connectwallet-vault.web.app/connect-wallet.html,1
,0,1,0,0,1,0,0,0,0,0,0,1,0,0,1,0,0,3,0,2,19,http://connect-collab.org,1
,0,0,0,0,0,0,0,0,0,0,0,0,0,0,0,0,0,0,0,0,0,https://sitebuilder187384.dynadot.com/,1
,1,1,0,0,1,0,0,0,0,0,3,1,0,0,0,0,0,9,4,6,7,https://mnbvcdf.godaddysites.com/,1
,1,1,0,0,1,1,1,0,0,0,2,2,0,0,0,0,0,2,3,8,17,https://login.lindellprivatechef.com/accounts/,1
,0,0,0,0,0,0,0,0,0,0,0,0,0,0,0,0,0,0,0,0,0,https://bafkreih3tieisi3ozm5muwovae2mypfp7jpnpy2clankomzraajmqgkdfm.ipfs.w3s.link/,1
,1,1,0,0,0,1,0,0,0,0,4,2,0,0,12,0,0,0,12,1,25,https://mybalancenow.targetshooting.co.nz/7qe4QdHyK4KFzhMN.php,1
,1,1,0,0,1,0,1,0,0,0,2,2,0,16,124,0,0,3,7,3,53,http://janeirosubofertas.com/35a4b4a1f81849391061f2c90/checkout/order/?PaymentMethod=billet&amp;orderId=03-851524146,1
,1,1,0,0,1,0,0,1,0,0,1,2,0,0,0,0,0,1,3,3,36,https://seja-sicredi-black.com/?page=home&amp;amp;amp;amp;a=7324B135AD7119B41090A5186AE9324D44BE4EC8SECURE8FCD62D860778390C3C0B60529E7681FBF1988D7ACCESS&amp;amp;amp;amp;b=B4312EA2264F43D818F003142EA09EB3F837EE82SECURE6909106EB871F492EB4EF6B044F4D2202416F53DACCESS&amp;amp;amp;amp;c=F9328D8D9C9D77BD0E5A521F58C1510554E109E3SECURE037F03C4B0B709ED5AE85FE3A14D250D975F66DFACCESS,1
,1,1,0,0,0,1,0,0,0,0,6,1,0,0,0,0,0,0,3,3,31,https://digitalmagazweb.com/,1
,1,1,0,0,1,0,0,0,0,0,1,1,0,0,7,0,0,14,0,25,10,https://focuscertificados.com/%3cuni-by%3e/,1
,0,0,0,0,0,0,0,0,0,0,0,0,0,0,0,7,4,0,0,0,10,https://mrflcl.com/,1
,0,0,0,0,0,0,0,0,0,0,0,0,0,0,0,0,0,0,0,1,0,https://logn-aol-8a60.zi6.workers.dev/,1
,0,0,0,0,0,0,0,0,0,0,0,0,0,0,0,0,0,0,0,1,0,http://logn-aol-8a60.zi6.workers.dev/,1
,1,1,0,0,1,0,0,1,0,0,9,6,0,0,0,0,2,7,4,32,5,https://gjwk03.webwave.dev/,1
,0,0,0,0,0,0,0,0,0,0,0,0,0,0,0,0,0,0,0,1,0,https://gvkhzqet652.webcindario.com/,1
,1,1,0,0,0,1,0,0,0,0,6,1,0,0,0,0,0,0,3,3,31,https://digitalfaturawebonline.com/,1
,0,1,0,0,1,0,0,0,0,0,0,2,0,0,17,0,0,8,28,4,9,https://kslim.pk/,1
,0,0,0,0,0,0,0,0,0,0,0,0,0,0,0,0,0,0,0,1,0,https://gvkzxqwty95.webcindario.com/,1
,0,0,0,0,0,0,0,0,0,0,0,0,0,0,0,0,0,0,0,1,0,http://64.47.167.72.host.secureserver.net/.PontosID986123/?cid=cardozo.almeida@hotmail.com,1
,0,0,0,0,1,0,0,0,0,0,0,0,0,0,0,0,0,1,0,0,17,https://homebankigalic.asnufalanu.co.ke/,1
,0,0,0,0,1,0,0,0,0,0,0,0,0,0,3,0,0,4,0,1,14,https://fd-tcun-ejb6awdphre5hche.z01.azurefd.net/resources/faqs,1
,0,0,0,0,0,0,0,0,0,0,0,0,0,0,0,0,0,0,0,1,0,http://rumblekongleage.com,1
,0,0,0,0,0,0,0,0,0,0,0,0,0,0,0,0,0,0,0,1,0,https://10ktf-shops.xyz/claim/,1
,0,0,0,0,0,0,0,0,0,0,0,0,0,0,0,0,0,0,0,0,0,https://giaxenhapkhau.vn/151205148512000,1
,0,0,0,0,0,0,0,0,0,0,0,0,0,0,0,0,0,0,0,0,0,https://sitebuilder187433.dynadot.com/,1
,1,0,0,0,1,0,0,1,0,0,9,0,0,0,0,0,0,8,0,5,11,https://docs.google.com/forms/d/e/1FAIpQLSfDLe64a3R-u0M4oLXu5oXmgIZ8qsXpTGBmvyUhzhisksHnuA/viewform,1
,1,1,0,0,1,0,0,1,0,0,1,2,0,0,0,0,0,1,3,3,36,https://acesso-caixa-gov.ml,1
,1,0,0,0,1,1,0,1,0,0,5,0,0,14,0,0,42,2,0,5,14,https://acesso-caixa-gov.ml/sigovstatic/prototipo/index.htm,1
,0,0,0,0,1,0,0,0,0,0,0,0,0,0,4,0,1,3,3,7,51,https://tinyurl.com/2uj77wde,1
,1,1,0,0,1,0,0,0,0,0,1,1,0,0,0,0,0,9,0,14,35,http://debankconnect.com,1
,0,0,0,0,1,0,0,0,0,0,0,0,0,0,0,0,0,4,0,5,11,http://connectwallet-vault.firebaseapp.com,1
,1,1,0,0,1,0,0,0,0,0,2,3,0,0,20,0,0,17,5,13,43,https://melamaskrecovery.com/,1
,0,1,0,0,1,0,0,0,0,0,0,1,0,0,1,0,0,3,0,2,19,http://servers-collab.land,1
,0,0,0,0,1,0,0,0,0,0,0,0,0,0,0,0,0,4,0,5,11,http://connectwallet-vault.web.app,1
,1,1,0,0,1,0,0,1,0,0,1,2,0,0,0,0,0,1,3,3,36,https://ga-games-ac.com/luiza/home.php?userID=&uri=0hDUG/nXTwEJ9Csgj2maRYXG/iyBwUlSnoZFW5PC3VQ=,1
,1,1,0,0,1,0,0,1,0,0,1,2,0,0,0,0,0,1,3,3,36,https://ga-games-ac.com/luiza/home.php?userID=&amp;uri=LGTZ9gM2ev28CRD0g77uHyNsn5r4TWOLbhNf7AToO7M=,1
,0,0,0,0,1,0,0,0,0,0,0,0,0,0,0,0,0,2,1,1,54,https://openboutikoskf.easy.co/,1
,1,1,0,0,1,0,0,1,0,0,1,2,0,0,0,0,0,1,3,3,36,https://ga-games-ac.com/luiza/home.php?userID=&uri=LGTZ9gM2ev28CRD0g77uHyNsn5r4TWOLbhNf7AToO7M=,1
,1,1,0,0,1,0,0,1,0,0,1,2,0,0,0,0,0,1,3,3,36,https://ga-games-ac.com/luiza/home.php?userID=&amp;uri=kR+6tWYGghfiMcmwE9jAOxzcgGTsqoY6PY+NsH6+R/Q=,1
,0,0,0,0,0,0,0,0,0,0,0,0,0,0,0,0,0,0,0,1,16,https://sjfkeno.web.app/,1
,0,0,0,0,0,0,0,0,0,0,0,0,0,0,0,0,0,0,0,1,16,https://sjfkeno.firebaseapp.com/,1
,0,0,0,0,0,0,0,0,0,0,0,0,0,0,0,0,0,0,2,13,17,https://ww1-bradconetempresa-ne2.web.app/,1
,1,1,0,0,1,0,0,0,0,0,3,1,0,0,0,0,0,9,4,6,4,https://yupe.godaddysites.com/,1
,1,1,0,0,1,0,0,0,0,0,3,1,0,0,0,0,0,9,4,6,7,https://uytyhgj.godaddysites.com/,1
,1,1,0,1,1,0,0,1,0,0,25,2,0,63,133,0,0,12,21,18,34,https://radiodouradacd.com.br/usa/,1
,1,1,0,0,1,1,1,0,0,0,6,6,0,0,0,0,0,3,2,9,18,https://jetjackinc01.bitbucket.io/,1
,0,0,0,0,0,0,0,0,0,0,0,0,0,0,0,0,0,0,0,1,0,http://a0sreadn.surge.sh/,1
,1,0,0,0,1,1,0,0,0,0,5,0,0,0,71,0,0,3,15,6,28,https://christopherstalbergmd.com/ioa/,1
